number,Type,Date,Time,num_Sats,HDOP,Lat,Lon,Notes
#35,71899,0/00/2009,12:03:36 p.m.,12,9,-126.12698,-86.84309,Fix
#72,71899,3/8/2008,12:17:05 a.m.,2,1,-86.21608,-44.57085,Fix
#8,71899,12/4/2009,2:42:10 a.m.,4,2,-83.61476,-277.67373,Fix
#39,71899,11/17/2009,9:02:04 a.m.,5,2,-76.06434,-3.36064,Fix
#48,71899,1/9/2009,12:12:16 p.m.,0,14,-69.55301,-30.80652,Fix
#43,71899,5/12/2008,6:23:34 a.m.,15,15,-63.6321,-81.60986,Fix
#17,71899,9/19/2011,6:00:00 a.m.,12,15,-43.09712,-41.34852,Fix
#38,71899,6/13/2011,3:33:09 a.m.,9,5,-31.98032,-244.81324,Fix
#16,71899,11/10/2009,08:19:61 p.m.,2,0,-27.25145,-83.94848,Fix
#756,71899,11/4/2009,11:42:38 p.m.,5,2,-12.40255,-142.13355,Fix
#793,71899,11/9/2009,2:14:38 p.m.,6,7,-12.40252,-142.13181,Fix
#767,71899,11/6/2009,8:31:39 a.m.,5,1,-12.40237,-142.14403,Fix
#647,71899,10/22/2009,9:49:56 a.m.,5,1,-12.4023,-142.13218,Fix
#790,71899,11/9/2009,5:16:56 a.m.,4,3,-12.40225,-142.14471,Fix
#905,71899,11/23/2009,12:59:38 p.m.,5,2,-12.40223,-142.14464,Fix
#912,71899,11/24/2009,9:58:38 a.m.,5,2,-12.40222,-142.13163,Fix
#680,71899,10/26/2009,12:27:38 p.m.,5,1,-12.4022,-142.1314,Fix
#904,71899,11/23/2009,10:00:39 a.m.,4,4,-12.40216,-142.13132,Fix
#682,71899,10/26/2009,6:27:38 p.m.,6,2,-12.40211,-142.13166,Fix
#787,71899,11/8/2009,8:16:38 p.m.,6,1,-12.40211,-142.13138,Fix
#907,71899,11/23/2009,6:59:56 p.m.,6,1,-12.40203,-142.13128,Fix
#914,71899,11/24/2009,3:57:56 p.m.,5,1,-12.40203,-142.13139,Fix
#770,71899,11/6/2009,5:30:39 p.m.,5,1,-12.402,-142.13138,Fix
#769,71899,11/6/2009,2:30:39 p.m.,5,3,-12.40197,-142.14065,Fix
#791,71899,11/9/2009,8:14:56 a.m.,6,1,-12.40197,-142.13141,Fix
#915,71899,11/24/2009,6:57:38 p.m.,6,1,-12.40196,-142.13139,Fix
#720,71899,10/31/2009,12:07:38 p.m.,7,1,-12.40194,-142.14083,Fix
#913,71899,11/24/2009,12:58:38 p.m.,5,2,-12.40194,-142.13142,Fix
#792,71899,11/9/2009,11:14:39 a.m.,4,1,-12.40191,-142.13147,Fix
#771,71899,11/6/2009,8:29:38 p.m.,5,1,-12.40189,-142.13143,Fix
#903,71899,11/23/2009,7:00:39 a.m.,7,1,-12.40189,-142.13144,Fix
#908,71899,11/23/2009,10:00:08 p.m.,5,2,-12.40189,-142.13143,Fix
#910,71899,11/24/2009,3:59:26 a.m.,5,1,-12.40189,-142.13144,Fix
#911,71899,11/24/2009,6:58:38 a.m.,7,3,-12.40186,-142.1314,Fix
#909,71899,11/24/2009,12:59:08 a.m.,5,3,-12.40185,-142.13143,Fix
#765,71899,11/6/2009,2:33:38 a.m.,5,1,-12.40184,-142.13086,Fix
#916,71899,11/24/2009,9:57:38 p.m.,7,2,-12.40181,-142.13143,Fix
#906,71899,11/23/2009,3:59:45 p.m.,4,1,-12.4018,-142.13152,Fix
#672,71899,10/25/2009,12:34:08 p.m.,5,1,-12.40167,-142.13582,Fix
#685,71899,10/27/2009,3:24:38 a.m.,6,2,-12.40165,-142.14071,Fix
#664,71899,10/24/2009,12:39:38 p.m.,6,1,-12.40163,-142.13082,Fix
#648,71899,10/22/2009,12:48:38 p.m.,4,1,-12.4016,-142.13573,Fix
#789,71899,11/9/2009,2:15:56 a.m.,6,1,-12.40151,-142.13488,Fix
#660,71899,10/24/2009,12:42:38 a.m.,5,2,-12.40135,-142.13688,Fix
#656,71899,10/23/2009,12:45:26 p.m.,4,1,-12.40132,-142.13693,Fix
#653,71899,10/23/2009,3:46:26 a.m.,5,3,-12.40128,-142.13969,Fix
#681,71899,10/26/2009,3:27:40 p.m.,6,1,-12.40128,-142.13665,Fix
#658,71899,10/23/2009,6:42:56 p.m.,5,2,-12.40127,-142.13692,Fix
#651,71899,10/22/2009,9:46:56 p.m.,4,2,-12.40123,-142.13706,Fix
#650,71899,10/22/2009,6:47:38 p.m.,4,4,-12.40121,-142.13714,Fix
#657,71899,10/23/2009,3:42:52 p.m.,6,1,-12.40118,-142.13697,Fix
#659,71899,10/23/2009,9:41:40 p.m.,5,2,-12.40112,-142.13709,Fix
#786,71899,11/8/2009,5:16:39 p.m.,5,2,-12.40007,-142.1298,Fix
#686,71899,10/27/2009,6:24:56 a.m.,5,2,-12.40002,-142.12928,Fix
#735,71899,11/2/2009,8:57:08 a.m.,5,1,-12.39943,-142.12863,Fix
#700,71899,10/29/2009,12:17:27 a.m.,4,3,-12.39888,-142.12776,Fix
#719,71899,10/31/2009,9:09:38 a.m.,6,1,-12.3986,-142.12754,Fix
#699,71899,10/28/2009,9:19:08 p.m.,8,1,-12.39806,-142.12674,Fix
#662,71899,10/24/2009,6:39:56 a.m.,7,1,-12.39794,-142.12643,Fix
#698,71899,10/28/2009,6:17:38 p.m.,7,1,-12.39655,-142.12621,Fix
#917,71899,11/25/2009,12:57:38 a.m.,5,1,-12.39573,-142.12677,Fix
#673,71899,10/25/2009,3:32:38 p.m.,5,4,-12.39323,-142.1275,Fix
#701,71899,10/29/2009,3:18:38 a.m.,6,1,-12.39319,-142.12755,Fix
#663,71899,10/24/2009,9:39:50 a.m.,6,6,-12.39297,-142.1279,Fix
#743,71899,11/3/2009,8:49:38 a.m.,4,2,-12.39285,-142.12146,Fix
#777,71899,11/7/2009,2:24:38 p.m.,6,7,-12.3926,-142.12138,Fix
#688,71899,10/27/2009,12:24:03 p.m.,4,1,-12.39259,-142.128,Fix
#734,71899,11/2/2009,5:56:38 a.m.,6,1,-12.39257,-142.1281,Fix
#745,71899,11/3/2009,2:48:02 p.m.,5,2,-12.39242,-142.12185,Fix
#641,71899,10/21/2009,3:53:38 p.m.,5,1,-12.39239,-142.12167,Fix
#711,71899,10/30/2009,9:11:10 a.m.,5,1,-12.39226,-142.12797,Fix
#718,71899,10/31/2009,6:09:31 a.m.,5,10,-12.39224,-142.12775,Fix
#646,71899,10/22/2009,6:49:39 a.m.,6,3,-12.39222,-142.12764,Fix
#739,71899,11/2/2009,8:53:38 p.m.,5,1,-12.39222,-142.12778,Fix
#710,71899,10/30/2009,6:10:40 a.m.,6,3,-12.39221,-142.12789,Fix
#755,71899,11/4/2009,8:42:57 p.m.,5,2,-12.39221,-142.12798,Fix
#716,71899,10/31/2009,12:10:33 a.m.,4,5,-12.39219,-142.12873,Fix
#754,71899,11/4/2009,5:42:56 p.m.,6,1,-12.39218,-142.12799,Fix
#665,71899,10/24/2009,3:39:26 p.m.,5,5,-12.39217,-142.12789,Fix
#774,71899,11/7/2009,5:27:56 a.m.,5,2,-12.39217,-142.12795,Fix
#833,71899,11/14/2009,1:47:07 p.m.,5,2,-12.39217,-142.12774,Fix
#835,71899,11/14/2009,7:47:09 p.m.,5,1,-12.39217,-142.12814,Fix
#687,71899,10/27/2009,9:25:38 a.m.,4,3,-12.39216,-142.12787,Fix
#715,71899,10/30/2009,9:08:38 p.m.,4,4,-12.39216,-142.12819,Fix
#736,71899,11/2/2009,11:56:08 a.m.,4,3,-12.39216,-142.12804,Fix
#760,71899,11/5/2009,11:37:57 a.m.,5,1,-12.39216,-142.12794,Fix
#667,71899,10/24/2009,9:39:09 p.m.,4,2,-12.39215,-142.12768,Fix
#674,71899,10/25/2009,6:31:50 p.m.,4,1,-12.39214,-142.12783,Fix
#737,71899,11/2/2009,2:57:39 p.m.,5,3,-12.39214,-142.1281,Fix
#675,71899,10/25/2009,9:32:02 p.m.,5,2,-12.39212,-142.12774,Fix
#838,71899,11/15/2009,4:44:39 a.m.,5,2,-12.39212,-142.12778,Fix
#679,71899,10/26/2009,9:29:10 a.m.,5,3,-12.39209,-142.12792,Fix
#837,71899,11/15/2009,1:45:38 a.m.,4,1,-12.39207,-142.12771,Fix
#713,71899,10/30/2009,3:09:38 p.m.,6,3,-12.39206,-142.12786,Fix
#834,71899,11/14/2009,4:47:38 p.m.,6,4,-12.39205,-142.12749,Fix
#717,71899,10/31/2009,3:08:56 a.m.,4,3,-12.39203,-142.12769,Fix
#753,71899,11/4/2009,2:42:39 p.m.,6,2,-12.39202,-142.12768,Fix
#836,71899,11/14/2009,10:46:32 p.m.,5,2,-12.39197,-142.12852,Fix
#714,71899,10/30/2009,6:09:38 p.m.,5,4,-12.39196,-142.12741,Fix
#849,71899,11/16/2009,1:36:03 p.m.,5,2,-12.39136,-142.12183,Fix
#795,71899,11/9/2009,8:14:38 p.m.,5,2,-12.39131,-142.12165,Fix
#723,71899,10/31/2009,9:04:39 p.m.,6,1,-12.3913,-142.1219,Fix
#842,71899,11/15/2009,4:41:56 p.m.,4,3,-12.39127,-142.12479,Fix
#841,71899,11/15/2009,1:43:08 p.m.,6,6,-12.39126,-142.12493,Fix
#763,71899,11/5/2009,8:34:38 p.m.,6,1,-12.39125,-142.12461,Fix
#843,71899,11/15/2009,7:43:57 p.m.,5,1,-12.39125,-142.12461,Fix
#924,71899,11/25/2009,9:52:39 p.m.,6,1,-12.39121,-142.12457,Fix
#728,71899,11/1/2009,12:01:39 p.m.,5,1,-12.3912,-142.12455,Fix
#923,71899,11/25/2009,6:54:02 p.m.,5,1,-12.39119,-142.12463,Fix
#762,71899,11/5/2009,5:34:56 p.m.,4,3,-12.39118,-142.12459,Fix
#730,71899,11/1/2009,5:57:38 p.m.,4,3,-12.39115,-142.12462,Fix
#845,71899,11/16/2009,1:39:38 a.m.,5,1,-12.39113,-142.12467,Fix
#925,71899,11/26/2009,12:53:32 a.m.,6,1,-12.39113,-142.12446,Fix
#731,71899,11/1/2009,8:58:08 p.m.,4,2,-12.39112,-142.12449,Fix
#725,71899,11/1/2009,3:04:39 a.m.,4,2,-12.39105,-142.12455,Fix
#922,71899,11/25/2009,3:53:39 p.m.,4,3,-12.39104,-142.12457,Fix
#901,71899,11/23/2009,1:02:59 a.m.,5,9,-12.39098,-142.12159,Fix
#927,71899,11/26/2009,6:51:57 a.m.,6,2,-12.39094,-142.12169,Fix
#898,71899,11/22/2009,4:03:56 p.m.,6,1,-12.39093,-142.12169,Fix
#900,71899,11/22/2009,10:02:38 p.m.,6,6,-12.39092,-142.12164,Fix
#928,71899,11/26/2009,9:51:02 a.m.,5,2,-12.39092,-142.12164,Fix
#832,71899,11/14/2009,10:48:56 a.m.,4,1,-12.39087,-142.12881,Fix
#932,71899,11/26/2009,9:48:40 p.m.,6,1,-12.39086,-142.12167,Fix
#934,71899,11/27/2009,3:47:41 a.m.,5,4,-12.39085,-142.12148,Fix
#482,71899,10/1/2009,8:12:39 p.m.,7,1,-12.39083,-142.1216,Fix
#899,71899,11/22/2009,7:03:41 p.m.,6,2,-12.3908,-142.12156,Fix
#921,71899,11/25/2009,12:54:38 p.m.,6,2,-12.3908,-142.12142,Fix
#929,71899,11/26/2009,12:50:38 p.m.,6,2,-12.39079,-142.12158,Fix
#689,71899,10/27/2009,3:22:38 p.m.,5,3,-12.3907,-142.12355,Fix
#933,71899,11/27/2009,12:47:38 a.m.,5,2,-12.39061,-142.12153,Fix
#782,71899,11/8/2009,5:20:38 a.m.,5,1,-12.39059,-142.12311,Fix
#785,71899,11/8/2009,2:19:02 p.m.,4,3,-12.39059,-142.12329,Fix
#732,71899,11/1/2009,11:57:38 p.m.,7,1,-12.39057,-142.12585,Fix
#707,71899,10/29/2009,9:12:38 p.m.,5,1,-12.39025,-142.12171,Fix
#926,71899,11/26/2009,3:51:39 a.m.,5,1,-12.39014,-142.122,Fix
#796,71899,11/9/2009,11:12:39 p.m.,6,2,-12.39004,-142.1223,Fix
#733,71899,11/2/2009,2:57:56 a.m.,7,1,-12.38997,-142.12918,Fix
#703,71899,10/29/2009,9:15:45 a.m.,4,1,-12.38977,-142.12197,Fix
#752,71899,11/4/2009,11:44:13 a.m.,4,4,-12.38938,-142.12903,Fix
#801,71899,11/10/2009,2:08:38 p.m.,6,2,-12.38883,-142.12029,Fix
#749,71899,11/4/2009,2:45:56 a.m.,6,2,-12.3876,-142.12011,Fix
#636,71899,10/21/2009,12:57:39 a.m.,5,2,-12.3874,-142.11993,Fix
#483,71899,10/1/2009,11:12:38 p.m.,4,2,-12.38709,-142.11965,Fix
#642,71899,10/21/2009,6:52:56 p.m.,6,2,-12.38623,-142.11951,Fix
#697,71899,10/28/2009,3:17:38 p.m.,6,2,-12.3845,-142.11994,Fix
#37,71899,8/25/2008,2:36:18 p.m.,2,1,-12.38364,-223.72403,Fix
#830,71899,11/14/2009,4:47:38 a.m.,5,3,-12.38208,-142.12149,Fix
#857,71899,11/17/2009,1:29:38 p.m.,7,2,-12.38161,-142.12192,Fix
#486,71899,10/2/2009,8:12:08 a.m.,6,1,-12.37935,-142.12258,Fix
#706,71899,10/29/2009,6:13:51 p.m.,4,3,-12.37838,-142.12233,Fix
#894,71899,11/22/2009,4:07:38 a.m.,8,2,-12.37722,-142.12157,Fix
#517,71899,10/6/2009,4:56:38 a.m.,7,2,-12.37712,-142.12151,Fix
#481,71899,10/1/2009,5:13:32 p.m.,6,1,-12.37582,-142.12094,Fix
#746,71899,11/3/2009,5:47:39 p.m.,6,6,-12.37395,-142.11996,Fix
#852,71899,11/16/2009,10:34:38 p.m.,5,3,-12.37385,-142.11997,Fix
#632,71899,10/20/2009,1:01:39 p.m.,7,1,-12.37383,-142.12023,Fix
#562,71899,10/11/2009,7:32:10 p.m.,6,1,-12.37377,-142.12018,Fix
#850,71899,11/16/2009,4:34:38 p.m.,4,1,-12.37374,-142.12017,Fix
#851,71899,11/16/2009,7:34:38 p.m.,5,1,-12.37373,-142.12011,Fix
#633,71899,10/20/2009,3:58:52 p.m.,6,1,-12.37372,-142.12004,Fix
#479,71899,10/1/2009,11:14:57 a.m.,6,1,-12.3737,-142.12008,Fix
#480,71899,10/1/2009,2:13:38 p.m.,5,1,-12.37368,-142.12006,Fix
#634,71899,10/20/2009,6:59:39 p.m.,5,2,-12.37359,-142.1199,Fix
#515,71899,10/5/2009,10:55:38 p.m.,5,2,-12.3731,-142.11926,Fix
#690,71899,10/27/2009,6:23:51 p.m.,4,3,-12.37244,-142.11941,Fix
#561,71899,10/11/2009,4:31:38 p.m.,7,1,-12.37207,-142.11886,Fix
#631,71899,10/20/2009,10:00:29 a.m.,4,7,-12.37195,-142.11913,Fix
#518,71899,10/6/2009,7:55:26 a.m.,5,1,-12.37073,-142.11839,Fix
#704,71899,10/29/2009,12:15:39 p.m.,4,2,-12.3707,-142.11829,Fix
#696,71899,10/28/2009,12:18:39 p.m.,4,2,-12.37035,-142.12205,Fix
#629,71899,10/20/2009,4:00:34 a.m.,5,3,-12.3701,-142.12294,Fix
#513,71899,10/5/2009,4:55:38 p.m.,5,3,-12.37007,-142.12278,Fix
#938,71899,11/27/2009,3:44:38 p.m.,5,1,-12.37007,-142.12312,Fix
#630,71899,10/20/2009,6:59:38 a.m.,7,1,-12.37006,-142.12304,Fix
#747,71899,11/3/2009,8:47:38 p.m.,6,1,-12.37005,-142.12296,Fix
#514,71899,10/5/2009,7:55:38 p.m.,5,1,-12.37003,-142.12302,Fix
#487,71899,10/2/2009,11:09:38 a.m.,7,1,-12.36878,-142.12329,Fix
#512,71899,10/5/2009,1:56:39 p.m.,7,1,-12.36804,-142.12355,Fix
#802,71899,11/10/2009,5:07:38 p.m.,8,1,-12.36569,-142.12236,Fix
#563,71899,10/11/2009,10:31:56 p.m.,5,2,-12.36552,-142.12232,Fix
#519,71899,10/6/2009,10:53:56 a.m.,6,2,-12.36493,-142.122,Fix
#215,71899,8/29/2009,1:54:38 p.m.,8,1,-12.36459,-142.12043,Fix
#327,71899,9/12/2009,12:39:39 p.m.,6,1,-12.36393,-142.11861,Fix
#560,71899,10/11/2009,1:33:32 p.m.,6,1,-12.36323,-142.11589,Fix
#695,71899,10/28/2009,9:18:56 a.m.,5,3,-12.36306,-142.11621,Fix
#477,71899,10/1/2009,5:15:56 a.m.,6,1,-12.36108,-142.11406,Fix
#511,71899,10/5/2009,10:56:38 a.m.,5,1,-12.36096,-142.11459,Fix
#200,71899,8/27/2009,5:02:38 p.m.,6,1,-12.36038,-142.11334,Fix
#559,71899,10/11/2009,10:31:56 a.m.,6,2,-12.36035,-142.11353,Fix
#625,71899,10/19/2009,4:01:56 p.m.,5,2,-12.36033,-142.11335,Fix
#626,71899,10/19/2009,7:01:38 p.m.,6,2,-12.36032,-142.11344,Fix
#627,71899,10/19/2009,10:01:41 p.m.,7,2,-12.36031,-142.11334,Fix
#558,71899,10/11/2009,7:32:39 a.m.,8,1,-12.36026,-142.1135,Fix
#201,71899,8/27/2009,8:02:40 p.m.,5,1,-12.36006,-142.11331,Fix
#624,71899,10/19/2009,1:01:39 p.m.,4,2,-12.35995,-142.11262,Fix
#344,71899,9/14/2009,3:27:34 p.m.,5,1,-12.35789,-142.11293,Fix
#567,71899,10/12/2009,10:28:09 a.m.,6,3,-12.3566,-142.11298,Fix
#557,71899,10/11/2009,4:34:02 a.m.,6,1,-12.35458,-142.11259,Fix
#324,71899,9/12/2009,3:40:38 a.m.,6,1,-12.35448,-142.11267,Fix
#544,71899,10/9/2009,1:42:38 p.m.,8,1,-12.35401,-142.11284,Fix
#520,71899,10/6/2009,1:53:38 p.m.,7,1,-12.35245,-142.11026,Fix
#199,71899,8/27/2009,2:02:38 p.m.,6,1,-12.35238,-142.11236,Fix
#829,71899,11/14/2009,1:49:08 a.m.,5,1,-12.35217,-142.1117,Fix
#568,71899,10/12/2009,1:26:38 p.m.,5,1,-12.35212,-142.11222,Fix
#569,71899,10/12/2009,4:27:04 p.m.,7,1,-12.35196,-142.11183,Fix
#570,71899,10/12/2009,7:25:38 p.m.,5,1,-12.35196,-142.11216,Fix
#202,71899,8/27/2009,11:02:39 p.m.,7,1,-12.35175,-142.11089,Fix
#692,71899,10/28/2009,12:23:38 a.m.,6,1,-12.35173,-142.11057,Fix
#328,71899,9/12/2009,3:39:08 p.m.,8,1,-12.35079,-142.10836,Fix
#184,71899,8/25/2009,5:14:56 p.m.,6,1,-12.35042,-142.10731,Fix
#476,71899,10/1/2009,2:15:44 a.m.,5,3,-12.35038,-142.10792,Fix
#509,71899,10/5/2009,4:57:38 a.m.,5,1,-12.34905,-142.10619,Fix
#623,71899,10/19/2009,10:02:50 a.m.,6,4,-12.34616,-142.10374,Fix
#507,71899,10/4/2009,10:59:56 p.m.,5,2,-12.34583,-142.10359,Fix
#547,71899,10/9/2009,10:40:38 p.m.,5,2,-12.34543,-142.10324,Fix
#488,71899,10/2/2009,2:09:38 p.m.,8,1,-12.34516,-142.10355,Fix
#471,71899,9/30/2009,11:17:38 a.m.,6,3,-12.34488,-142.10321,Fix
#583,71899,10/14/2009,10:18:09 a.m.,5,1,-12.34369,-142.10283,Fix
#584,71899,10/14/2009,1:16:38 p.m.,6,1,-12.34347,-142.10279,Fix
#585,71899,10/14/2009,4:18:08 p.m.,5,1,-12.34339,-142.10298,Fix
#577,71899,10/13/2009,4:20:38 p.m.,6,2,-12.34303,-142.10311,Fix
#522,71899,10/6/2009,7:52:56 p.m.,7,2,-12.34301,-142.1031,Fix
#505,71899,10/4/2009,5:00:18 p.m.,5,2,-12.34297,-142.10304,Fix
#545,71899,10/9/2009,4:41:26 p.m.,5,2,-12.34297,-142.10273,Fix
#473,71899,9/30/2009,5:16:38 p.m.,6,2,-12.34294,-142.10281,Fix
#474,71899,9/30/2009,8:16:38 p.m.,5,2,-12.34294,-142.10266,Fix
#521,71899,10/6/2009,4:53:38 p.m.,5,2,-12.3429,-142.10251,Fix
#551,71899,10/10/2009,10:38:10 a.m.,6,2,-12.34285,-142.10284,Fix
#506,71899,10/4/2009,8:01:56 p.m.,5,2,-12.34284,-142.10259,Fix
#472,71899,9/30/2009,2:16:39 p.m.,7,1,-12.34247,-142.10344,Fix
#203,71899,8/28/2009,2:01:38 a.m.,4,2,-12.34243,-142.10334,Fix
#475,71899,9/30/2009,11:16:38 p.m.,8,1,-12.34239,-142.10294,Fix
#204,71899,8/28/2009,5:01:39 a.m.,7,1,-12.34157,-142.10353,Fix
#523,71899,10/6/2009,10:52:38 p.m.,6,2,-12.34054,-142.10401,Fix
#578,71899,10/13/2009,7:19:38 p.m.,4,2,-12.34044,-142.10421,Fix
#369,71899,9/17/2009,6:16:39 p.m.,7,1,-12.34018,-142.1046,Fix
#205,71899,8/28/2009,8:03:50 a.m.,6,1,-12.33992,-142.10578,Fix
#893,71899,11/22/2009,1:07:39 a.m.,6,1,-12.33945,-142.10707,Fix
#579,71899,10/13/2009,10:19:38 p.m.,6,1,-12.33893,-142.10896,Fix
#524,71899,10/7/2009,1:52:38 a.m.,5,2,-12.33892,-142.10908,Fix
#818,71899,11/12/2009,4:56:38 p.m.,5,1,-12.33891,-142.10913,Fix
#821,71899,11/13/2009,1:54:39 a.m.,6,2,-12.33889,-142.1094,Fix
#819,71899,11/12/2009,7:55:38 p.m.,4,5,-12.33886,-142.10905,Fix
#822,71899,11/13/2009,4:54:38 a.m.,5,3,-12.33884,-142.10906,Fix
#820,71899,11/12/2009,10:56:08 p.m.,5,1,-12.33882,-142.10897,Fix
#580,71899,10/14/2009,1:20:03 a.m.,6,5,-12.33875,-142.10893,Fix
#815,71899,11/12/2009,7:59:39 a.m.,6,1,-12.33874,-142.1092,Fix
#424,71899,9/24/2009,2:50:03 p.m.,5,1,-12.3382,-142.10981,Fix
#504,71899,10/4/2009,1:59:38 p.m.,6,3,-12.33792,-142.10924,Fix
#814,71899,11/12/2009,4:59:46 a.m.,4,2,-12.33785,-142.10936,Fix
#827,71899,11/13/2009,7:49:38 p.m.,5,1,-12.33732,-142.11,Fix
#552,71899,10/10/2009,1:36:38 p.m.,5,1,-12.33703,-142.1107,Fix
#158,71899,8/22/2009,11:32:39 a.m.,6,1,-12.33551,-142.11128,Fix
#556,71899,10/11/2009,1:33:38 a.m.,7,1,-12.33481,-142.11176,Fix
#119,71899,8/17/2009,3:05:09 p.m.,6,1,-12.33454,-142.11217,Fix
#825,71899,11/13/2009,1:52:05 p.m.,5,3,-12.3342,-142.11228,Fix
#576,71899,10/13/2009,1:20:39 p.m.,5,1,-12.33412,-142.1117,Fix
#206,71899,8/28/2009,11:03:19 a.m.,5,1,-12.33398,-142.11274,Fix
#343,71899,9/14/2009,12:27:38 p.m.,8,1,-12.33386,-142.11231,Fix
#345,71899,9/14/2009,6:27:39 p.m.,8,1,-12.33199,-142.1128,Fix
#370,71899,9/17/2009,9:15:39 p.m.,7,1,-12.33195,-142.11279,Fix
#323,71899,9/12/2009,12:42:02 a.m.,8,1,-12.33031,-142.11302,Fix
#182,71899,8/25/2009,11:16:27 a.m.,4,2,-12.32938,-142.11301,Fix
#217,71899,8/29/2009,7:54:39 p.m.,4,1,-12.32898,-142.11281,Fix
#803,71899,11/10/2009,8:08:38 p.m.,6,1,-12.32896,-142.11287,Fix
#489,71899,10/2/2009,5:09:33 p.m.,5,1,-12.32871,-142.11269,Fix
#490,71899,10/2/2009,8:08:56 p.m.,6,1,-12.32866,-142.11279,Fix
#503,71899,10/4/2009,11:00:38 a.m.,6,5,-12.32714,-142.11228,Fix
#587,71899,10/14/2009,10:15:58 p.m.,6,1,-12.32689,-142.11175,Fix
#586,71899,10/14/2009,7:16:38 p.m.,4,4,-12.3266,-142.11275,Fix
#207,71899,8/28/2009,2:02:02 p.m.,6,1,-12.32637,-142.11223,Fix
#574,71899,10/13/2009,7:24:05 a.m.,4,1,-12.32622,-142.11152,Fix
#811,71899,11/11/2009,8:02:38 p.m.,5,2,-12.32546,-142.11117,Fix
#809,71899,11/11/2009,2:03:14 p.m.,5,2,-12.32544,-142.11059,Fix
#810,71899,11/11/2009,5:02:56 p.m.,6,1,-12.32543,-142.11099,Fix
#808,71899,11/11/2009,11:03:08 a.m.,4,2,-12.32542,-142.11055,Fix
#807,71899,11/11/2009,8:04:39 a.m.,4,2,-12.32537,-142.11081,Fix
#191,71899,8/26/2009,2:09:29 p.m.,3,2,-12.32493,-142.1104,Fix
#120,71899,8/17/2009,6:05:58 p.m.,8,1,-12.32467,-142.10993,Fix
#126,71899,8/18/2009,11:59:08 a.m.,5,1,-12.32446,-142.10934,Fix
#498,71899,10/3/2009,8:03:38 p.m.,4,4,-12.32437,-142.1091,Fix
#193,71899,8/26/2009,8:08:58 p.m.,6,1,-12.32436,-142.10909,Fix
#189,71899,8/26/2009,8:11:08 a.m.,5,2,-12.32434,-142.10935,Fix
#222,71899,8/30/2009,10:48:38 a.m.,6,2,-12.32434,-142.10889,Fix
#555,71899,10/10/2009,10:35:03 p.m.,4,3,-12.32423,-142.10914,Fix
#165,71899,8/23/2009,8:29:09 a.m.,6,2,-12.32422,-142.10898,Fix
#136,71899,8/19/2009,5:48:56 p.m.,5,1,-12.3242,-142.10983,Fix
#221,71899,8/30/2009,7:51:45 a.m.,5,1,-12.32417,-142.10914,Fix
#133,71899,8/19/2009,8:52:39 a.m.,5,3,-12.32416,-142.10864,Fix
#210,71899,8/28/2009,10:59:38 p.m.,7,3,-12.32416,-142.10931,Fix
#190,71899,8/26/2009,11:10:10 a.m.,5,2,-12.32414,-142.10982,Fix
#346,71899,9/14/2009,9:29:38 p.m.,5,3,-12.3241,-142.10916,Fix
#316,71899,9/11/2009,3:45:38 a.m.,7,1,-12.32407,-142.10914,Fix
#186,71899,8/25/2009,11:12:38 p.m.,5,2,-12.32406,-142.10907,Fix
#198,71899,8/27/2009,11:04:32 a.m.,5,1,-12.32402,-142.10984,Fix
#456,71899,9/28/2009,2:25:10 p.m.,5,1,-12.32399,-142.10909,Fix
#117,71899,8/17/2009,9:05:38 a.m.,6,2,-12.32384,-142.10871,Fix
#351,71899,9/15/2009,12:25:08 p.m.,4,1,-12.32374,-142.10778,Fix
#142,71899,8/20/2009,11:44:38 a.m.,8,1,-12.32373,-142.1084,Fix
#496,71899,10/3/2009,2:04:38 p.m.,4,1,-12.32373,-142.10779,Fix
#166,71899,8/23/2009,11:26:38 a.m.,6,2,-12.32372,-142.10813,Fix
#376,71899,9/18/2009,3:12:39 p.m.,4,2,-12.32371,-142.10783,Fix
#553,71899,10/10/2009,4:36:38 p.m.,7,1,-12.3237,-142.10784,Fix
#621,71899,10/19/2009,4:03:08 a.m.,4,2,-12.32367,-142.10777,Fix
#892,71899,11/21/2009,10:08:56 p.m.,6,2,-12.32364,-142.10793,Fix
#118,71899,8/17/2009,12:04:39 p.m.,5,2,-12.3236,-142.10772,Fix
#321,71899,9/11/2009,6:45:03 p.m.,8,1,-12.3236,-142.10776,Fix
#469,71899,9/30/2009,5:18:38 a.m.,4,1,-12.3236,-142.10868,Fix
#622,71899,10/19/2009,7:03:38 a.m.,4,4,-12.3236,-142.10738,Fix
#209,71899,8/28/2009,8:00:59 p.m.,4,1,-12.3235,-142.10771,Fix
#859,71899,11/17/2009,7:27:42 p.m.,6,2,-12.3235,-142.10786,Fix
#368,71899,9/17/2009,3:16:56 p.m.,4,2,-12.32341,-142.10742,Fix
#137,71899,8/19/2009,8:48:38 p.m.,5,2,-12.32337,-142.10847,Fix
#329,71899,9/12/2009,6:39:58 p.m.,4,5,-12.32333,-142.10818,Fix
#348,71899,9/15/2009,3:25:56 a.m.,7,1,-12.32322,-142.10742,Fix
#350,71899,9/15/2009,9:24:39 a.m.,8,1,-12.3232,-142.10741,Fix
#371,71899,9/18/2009,12:15:38 a.m.,5,4,-12.32319,-142.10736,Fix
#372,71899,9/18/2009,3:15:38 a.m.,6,1,-12.32314,-142.10747,Fix
#349,71899,9/15/2009,6:26:02 a.m.,5,3,-12.32306,-142.10744,Fix
#352,71899,9/15/2009,3:23:38 p.m.,7,1,-12.32296,-142.10805,Fix
#527,71899,10/7/2009,10:50:38 a.m.,6,1,-12.32285,-142.10789,Fix
#501,71899,10/4/2009,5:00:38 a.m.,9,1,-12.32263,-142.10713,Fix
#491,71899,10/2/2009,11:08:37 p.m.,4,2,-12.3226,-142.10729,Fix
#940,71899,11/27/2009,9:44:02 p.m.,5,2,-12.32259,-142.1069,Fix
#208,71899,8/28/2009,5:00:44 p.m.,4,4,-12.32224,-142.10659,Fix
#134,71899,8/19/2009,11:50:38 a.m.,7,1,-12.32212,-142.10675,Fix
#493,71899,10/3/2009,5:06:40 a.m.,6,1,-12.32119,-142.10578,Fix
#317,71899,9/11/2009,6:45:56 a.m.,5,3,-12.32118,-142.10647,Fix
#315,71899,9/11/2009,12:46:38 a.m.,5,1,-12.32109,-142.10657,Fix
#426,71899,9/24/2009,8:48:38 p.m.,7,3,-12.32085,-142.10575,Fix
#457,71899,9/28/2009,5:24:38 p.m.,9,1,-12.32054,-142.10599,Fix
#588,71899,10/15/2009,1:15:20 a.m.,4,3,-12.32037,-142.10619,Fix
#502,71899,10/4/2009,8:00:38 a.m.,5,2,-12.31985,-142.10593,Fix
#160,71899,8/22/2009,5:31:38 p.m.,7,1,-12.31977,-142.10622,Fix
#495,71899,10/3/2009,11:06:38 a.m.,7,3,-12.31914,-142.10638,Fix
#111,71899,8/16/2009,3:11:56 p.m.,5,1,-12.31891,-142.10677,Fix
#405,71899,9/22/2009,5:56:40 a.m.,7,13,-12.31784,-142.10886,Fix
#407,71899,9/22/2009,11:55:44 a.m.,5,1,-12.31777,-142.10916,Fix
#367,71899,9/17/2009,12:16:38 p.m.,6,1,-12.31776,-142.10874,Fix
#406,71899,9/22/2009,8:57:02 a.m.,6,1,-12.31776,-142.10899,Fix
#403,71899,9/21/2009,11:56:38 p.m.,6,2,-12.31773,-142.10899,Fix
#404,71899,9/22/2009,2:56:38 a.m.,4,2,-12.31772,-142.10898,Fix
#401,71899,9/21/2009,5:59:05 p.m.,4,3,-12.31757,-142.10919,Fix
#224,71899,8/30/2009,4:46:38 p.m.,6,1,-12.3173,-142.10884,Fix
#318,71899,9/11/2009,9:45:27 a.m.,4,2,-12.31719,-142.10875,Fix
#312,71899,9/10/2009,3:48:38 p.m.,6,1,-12.31607,-142.10998,Fix
#289,71899,9/7/2009,7:05:56 p.m.,4,2,-12.31601,-142.11136,Fix
#288,71899,9/7/2009,4:05:38 p.m.,5,1,-12.31598,-142.10989,Fix
#294,71899,9/8/2009,10:02:02 a.m.,5,2,-12.31598,-142.11087,Fix
#320,71899,9/11/2009,3:44:38 p.m.,6,2,-12.31554,-142.11027,Fix
#400,71899,9/21/2009,2:58:38 p.m.,6,1,-12.31552,-142.11034,Fix
#287,71899,9/7/2009,1:05:38 p.m.,6,1,-12.3137,-142.11251,Fix
#353,71899,9/15/2009,6:24:38 p.m.,8,1,-12.31337,-142.11275,Fix
#399,71899,9/21/2009,11:58:56 a.m.,5,1,-12.31214,-142.11252,Fix
#427,71899,9/24/2009,11:47:38 p.m.,6,1,-12.31176,-142.11258,Fix
#342,71899,9/14/2009,9:28:59 a.m.,6,1,-12.31173,-142.11329,Fix
#590,71899,10/15/2009,7:13:38 a.m.,5,2,-12.31158,-142.11264,Fix
#619,71899,10/18/2009,10:03:38 p.m.,7,1,-12.31109,-142.11297,Fix
#618,71899,10/18/2009,7:04:38 p.m.,5,2,-12.3096,-142.11284,Fix
#616,71899,10/18/2009,1:05:38 p.m.,4,1,-12.30957,-142.11304,Fix
#617,71899,10/18/2009,4:06:00 p.m.,8,1,-12.30946,-142.113,Fix
#167,71899,8/23/2009,2:25:38 p.m.,6,1,-12.30919,-142.11231,Fix
#398,71899,9/21/2009,8:58:32 a.m.,5,2,-12.30574,-142.11188,Fix
#319,71899,9/11/2009,12:44:38 p.m.,9,0,-12.30523,-142.11226,Fix
#296,71899,9/8/2009,3:59:38 p.m.,9,1,-12.30462,-142.11206,Fix
#311,71899,9/10/2009,12:49:02 p.m.,7,1,-12.30449,-142.11213,Fix
#414,71899,9/23/2009,8:52:39 a.m.,6,1,-12.30435,-142.11151,Fix
#615,71899,10/18/2009,10:05:38 a.m.,6,2,-12.30428,-142.11185,Fix
#397,71899,9/21/2009,5:59:38 a.m.,5,2,-12.30426,-142.11143,Fix
#340,71899,9/14/2009,3:30:38 a.m.,7,1,-12.30425,-142.11154,Fix
#468,71899,9/30/2009,2:18:38 a.m.,6,1,-12.30424,-142.1117,Fix
#872,71899,11/19/2009,10:19:38 a.m.,6,1,-12.30329,-142.11213,Fix
#422,71899,9/24/2009,8:50:27 a.m.,4,2,-12.30303,-142.11198,Fix
#153,71899,8/21/2009,8:35:38 p.m.,5,2,-12.30275,-142.11192,Fix
#467,71899,9/29/2009,11:18:38 p.m.,5,2,-12.30263,-142.11133,Fix
#336,71899,9/13/2009,3:32:39 p.m.,9,0,-12.30231,-142.11165,Fix
#888,71899,11/21/2009,10:11:38 a.m.,8,1,-12.30222,-142.11136,Fix
#421,71899,9/24/2009,5:50:56 a.m.,8,1,-12.30186,-142.11131,Fix
#873,71899,11/19/2009,1:18:38 p.m.,8,1,-12.30181,-142.11106,Fix
#361,71899,9/16/2009,6:18:50 p.m.,4,4,-12.30177,-142.11096,Fix
#452,71899,9/28/2009,2:29:03 a.m.,5,3,-12.30177,-142.11122,Fix
#613,71899,10/18/2009,4:06:39 a.m.,5,1,-12.30177,-142.1111,Fix
#384,71899,9/19/2009,3:07:38 p.m.,4,1,-12.30176,-142.11117,Fix
#528,71899,10/7/2009,1:49:38 p.m.,5,1,-12.30176,-142.11113,Fix
#537,71899,10/8/2009,4:44:38 p.m.,6,1,-12.30176,-142.11111,Fix
#416,71899,9/23/2009,2:52:38 p.m.,6,1,-12.30175,-142.11105,Fix
#594,71899,10/15/2009,7:12:38 p.m.,6,2,-12.30175,-142.11107,Fix
#597,71899,10/16/2009,4:11:38 a.m.,7,1,-12.30175,-142.11106,Fix
#385,71899,9/19/2009,6:06:38 p.m.,6,2,-12.30174,-142.11104,Fix
#449,71899,9/27/2009,5:28:38 p.m.,5,3,-12.30174,-142.11103,Fix
#602,71899,10/16/2009,7:09:38 p.m.,5,2,-12.30174,-142.11109,Fix
#417,71899,9/23/2009,5:51:38 p.m.,5,4,-12.30173,-142.11109,Fix
#459,71899,9/28/2009,11:23:40 p.m.,5,1,-12.30173,-142.11124,Fix
#538,71899,10/8/2009,7:45:09 p.m.,5,3,-12.30173,-142.11108,Fix
#539,71899,10/8/2009,10:44:39 p.m.,5,2,-12.30173,-142.11113,Fix
#591,71899,10/15/2009,10:12:39 a.m.,5,2,-12.30173,-142.11141,Fix
#540,71899,10/9/2009,1:44:38 a.m.,6,2,-12.30172,-142.1111,Fix
#387,71899,9/20/2009,12:06:38 a.m.,5,8,-12.30171,-142.11118,Fix
#412,71899,9/23/2009,2:53:38 a.m.,5,2,-12.30171,-142.111,Fix
#536,71899,10/8/2009,1:44:38 p.m.,6,1,-12.30171,-142.1109,Fix
#541,71899,10/9/2009,4:43:38 a.m.,7,1,-12.30171,-142.11112,Fix
#612,71899,10/18/2009,1:08:02 a.m.,5,1,-12.30171,-142.11115,Fix
#614,71899,10/18/2009,7:06:38 a.m.,6,1,-12.30171,-142.1111,Fix
#876,71899,11/19/2009,10:18:39 p.m.,6,3,-12.30171,-142.11115,Fix
#390,71899,9/20/2009,9:03:03 a.m.,5,1,-12.3017,-142.11111,Fix
#409,71899,9/22/2009,5:56:44 p.m.,5,1,-12.3017,-142.11119,Fix
#593,71899,10/15/2009,4:12:39 p.m.,8,1,-12.3017,-142.11112,Fix
#595,71899,10/15/2009,10:12:38 p.m.,5,2,-12.3017,-142.11114,Fix
#603,71899,10/16/2009,10:09:56 p.m.,5,2,-12.3017,-142.11114,Fix
#338,71899,9/13/2009,9:30:56 p.m.,5,2,-12.30169,-142.11113,Fix
#418,71899,9/23/2009,8:52:15 p.m.,4,3,-12.30169,-142.1111,Fix
#446,71899,9/27/2009,8:32:04 a.m.,7,1,-12.30169,-142.11126,Fix
#592,71899,10/15/2009,1:12:38 p.m.,5,1,-12.30169,-142.11113,Fix
#875,71899,11/19/2009,7:18:39 p.m.,6,1,-12.30169,-142.11112,Fix
#878,71899,11/20/2009,4:16:56 a.m.,5,1,-12.30169,-142.1112,Fix
#529,71899,10/7/2009,4:49:58 p.m.,6,1,-12.30168,-142.11119,Fix
#530,71899,10/7/2009,7:48:59 p.m.,5,2,-12.30168,-142.11102,Fix
#596,71899,10/16/2009,1:11:38 a.m.,8,1,-12.30168,-142.11113,Fix
#874,71899,11/19/2009,4:18:56 p.m.,5,1,-12.30168,-142.11121,Fix
#441,71899,9/26/2009,5:35:38 p.m.,7,1,-12.30167,-142.11104,Fix
#451,71899,9/27/2009,11:28:44 p.m.,4,1,-12.30167,-142.1111,Fix
#408,71899,9/22/2009,2:55:56 p.m.,4,1,-12.30166,-142.11114,Fix
#442,71899,9/26/2009,8:35:41 p.m.,4,3,-12.30166,-142.11118,Fix
#443,71899,9/26/2009,11:35:57 p.m.,4,3,-12.30166,-142.11115,Fix
#410,71899,9/22/2009,8:54:38 p.m.,5,2,-12.30165,-142.11114,Fix
#411,71899,9/22/2009,11:54:39 p.m.,4,3,-12.30165,-142.11089,Fix
#419,71899,9/23/2009,11:51:38 p.m.,5,2,-12.30165,-142.11111,Fix
#460,71899,9/29/2009,2:23:39 a.m.,6,3,-12.30165,-142.1111,Fix
#532,71899,10/8/2009,1:47:38 a.m.,5,1,-12.30165,-142.11119,Fix
#604,71899,10/17/2009,1:09:39 a.m.,6,1,-12.30165,-142.11117,Fix
#362,71899,9/16/2009,9:19:06 p.m.,4,3,-12.30164,-142.1112,Fix
#444,71899,9/27/2009,2:35:04 a.m.,5,3,-12.30164,-142.11113,Fix
#448,71899,9/27/2009,2:29:56 p.m.,6,1,-12.30164,-142.1111,Fix
#458,71899,9/28/2009,8:24:02 p.m.,7,2,-12.30164,-142.11118,Fix
#531,71899,10/7/2009,10:47:38 p.m.,5,2,-12.30164,-142.11112,Fix
#450,71899,9/27/2009,8:28:38 p.m.,5,1,-12.30163,-142.11114,Fix
#605,71899,10/17/2009,4:08:38 a.m.,6,1,-12.30163,-142.11131,Fix
#606,71899,10/17/2009,7:08:26 a.m.,4,5,-12.30163,-142.11138,Fix
#339,71899,9/14/2009,12:29:38 a.m.,6,1,-12.3016,-142.11117,Fix
#379,71899,9/19/2009,12:09:38 a.m.,7,1,-12.30159,-142.1112,Fix
#454,71899,9/28/2009,8:26:57 a.m.,6,2,-12.30159,-142.11182,Fix
#363,71899,9/17/2009,12:18:38 a.m.,5,2,-12.30158,-142.11104,Fix
#941,71899,11/28/2009,12:41:38 a.m.,5,1,-12.30154,-142.11134,Fix
#462,71899,9/29/2009,8:24:27 a.m.,6,3,-12.30152,-142.11178,Fix
#535,71899,10/8/2009,10:45:38 a.m.,6,1,-12.30138,-142.11205,Fix
#364,71899,9/17/2009,3:18:38 a.m.,6,2,-12.30127,-142.11132,Fix
#380,71899,9/19/2009,3:08:38 a.m.,5,2,-12.30108,-142.11102,Fix
#381,71899,9/19/2009,6:10:32 a.m.,6,2,-12.30098,-142.11156,Fix
#382,71899,9/19/2009,9:08:28 a.m.,4,2,-12.30097,-142.11149,Fix
#542,71899,10/9/2009,7:43:39 a.m.,7,2,-12.30091,-142.11145,Fix
#598,71899,10/16/2009,7:11:38 a.m.,6,1,-12.30087,-142.11147,Fix
#607,71899,10/17/2009,10:08:39 a.m.,6,1,-12.30063,-142.11109,Fix
#297,71899,9/8/2009,6:58:38 p.m.,6,4,-12.30056,-142.11096,Fix
#145,71899,8/20/2009,8:42:38 p.m.,7,1,-12.30053,-142.11079,Fix
#420,71899,9/24/2009,2:51:38 a.m.,7,2,-12.3005,-142.11088,Fix
#415,71899,9/23/2009,11:53:53 a.m.,7,1,-12.30047,-142.11047,Fix
#366,71899,9/17/2009,9:16:38 a.m.,10,0,-12.3003,-142.11098,Fix
#143,71899,8/20/2009,2:44:08 p.m.,5,1,-12.30018,-142.11128,Fix
#156,71899,8/22/2009,5:33:38 a.m.,7,1,-12.29995,-142.1105,Fix
#948,71899,11/28/2009,9:35:57 p.m.,6,1,-12.29981,-142.11017,Fix
#887,71899,11/21/2009,7:11:38 a.m.,6,1,-12.29978,-142.11031,Fix
#946,71899,11/28/2009,3:36:02 p.m.,5,2,-12.29976,-142.11026,Fix
#870,71899,11/19/2009,4:20:53 a.m.,5,2,-12.29972,-142.11023,Fix
#945,71899,11/28/2009,12:35:38 p.m.,5,1,-12.29971,-142.11034,Fix
#886,71899,11/21/2009,4:13:04 a.m.,8,1,-12.2997,-142.11021,Fix
#880,71899,11/20/2009,10:15:38 a.m.,7,1,-12.29962,-142.11036,Fix
#149,71899,8/21/2009,8:39:38 a.m.,7,3,-12.29957,-142.11089,Fix
#863,71899,11/18/2009,7:24:39 a.m.,8,1,-12.29944,-142.11026,Fix
#157,71899,8/22/2009,8:32:56 a.m.,5,2,-12.29939,-142.11007,Fix
#299,71899,9/9/2009,12:57:38 a.m.,8,1,-12.29911,-142.11014,Fix
#144,71899,8/20/2009,5:42:38 p.m.,8,1,-12.29879,-142.11027,Fix
#431,71899,9/25/2009,11:44:38 a.m.,6,1,-12.29872,-142.11058,Fix
#303,71899,9/9/2009,12:54:38 p.m.,7,1,-12.29809,-142.11016,Fix
#610,71899,10/17/2009,7:08:32 p.m.,4,1,-12.29791,-142.10988,Fix
#884,71899,11/20/2009,10:13:38 p.m.,8,1,-12.29787,-142.11025,Fix
#882,71899,11/20/2009,4:14:38 p.m.,6,1,-12.29783,-142.11026,Fix
#883,71899,11/20/2009,7:14:58 p.m.,5,1,-12.29783,-142.11027,Fix
#277,71899,9/6/2009,7:14:56 a.m.,7,1,-12.29782,-142.10991,Fix
#534,71899,10/8/2009,7:47:57 a.m.,6,1,-12.29782,-142.1103,Fix
#611,71899,10/17/2009,10:08:11 p.m.,6,2,-12.29781,-142.10933,Fix
#392,71899,9/20/2009,3:02:38 p.m.,7,1,-12.29778,-142.10942,Fix
#464,71899,9/29/2009,2:19:38 p.m.,6,1,-12.29777,-142.10931,Fix
#868,71899,11/18/2009,10:21:38 p.m.,8,1,-12.29776,-142.10986,Fix
#394,71899,9/20/2009,9:01:38 p.m.,5,2,-12.29775,-142.10939,Fix
#608,71899,10/17/2009,1:09:38 p.m.,6,1,-12.29775,-142.1094,Fix
#609,71899,10/17/2009,4:09:02 p.m.,5,3,-12.29768,-142.10956,Fix
#393,71899,9/20/2009,6:01:38 p.m.,7,3,-12.29765,-142.10952,Fix
#466,71899,9/29/2009,8:19:38 p.m.,7,2,-12.29696,-142.10901,Fix
#330,71899,9/12/2009,9:36:38 p.m.,6,3,-12.29646,-142.10855,Fix
#881,71899,11/20/2009,1:14:38 p.m.,6,1,-12.29613,-142.10898,Fix
#391,71899,9/20/2009,12:02:39 p.m.,8,1,-12.29612,-142.10853,Fix
#333,71899,9/13/2009,6:35:02 a.m.,7,1,-12.29551,-142.10679,Fix
#225,71899,8/30/2009,7:47:38 p.m.,4,3,-12.29547,-142.10668,Fix
#310,71899,9/10/2009,9:49:38 a.m.,5,2,-12.29523,-142.108,Fix
#334,71899,9/13/2009,9:33:38 a.m.,9,1,-12.29505,-142.10565,Fix
#953,71899,11/29/2009,12:27:39 p.m.,6,2,-12.29501,-142.10587,Fix
#599,71899,10/16/2009,10:12:09 a.m.,5,1,-12.29493,-142.10667,Fix
#286,71899,9/7/2009,10:07:08 a.m.,5,5,-12.29489,-142.10669,Fix
#865,71899,11/18/2009,1:22:38 p.m.,5,1,-12.29489,-142.10583,Fix
#866,71899,11/18/2009,4:23:10 p.m.,5,1,-12.29487,-142.10589,Fix
#867,71899,11/18/2009,7:21:38 p.m.,5,4,-12.29482,-142.10594,Fix
#954,71899,11/29/2009,3:26:56 p.m.,4,2,-12.29482,-142.10597,Fix
#864,71899,11/18/2009,10:22:51 a.m.,5,3,-12.2948,-142.10648,Fix
#332,71899,9/13/2009,3:35:56 a.m.,5,3,-12.29439,-142.10288,Fix
#438,71899,9/26/2009,8:39:36 a.m.,7,2,-12.29416,-142.10363,Fix
#304,71899,9/9/2009,3:54:39 p.m.,8,1,-12.29389,-142.10267,Fix
#360,71899,9/16/2009,3:19:38 p.m.,6,1,-12.29361,-142.10202,Fix
#281,71899,9/6/2009,7:10:52 p.m.,4,4,-12.29313,-142.10016,Fix
#243,71899,9/2/2009,1:36:38 a.m.,6,1,-12.29289,-142.10039,Fix
#280,71899,9/6/2009,4:10:43 p.m.,5,2,-12.29288,-142.10023,Fix
#242,71899,9/1/2009,10:36:38 p.m.,5,1,-12.29284,-142.10039,Fix
#306,71899,9/9/2009,9:53:39 p.m.,6,2,-12.29282,-142.10037,Fix
#279,71899,9/6/2009,1:11:29 p.m.,6,1,-12.29279,-142.10019,Fix
#305,71899,9/9/2009,6:54:38 p.m.,7,1,-12.29278,-142.1002,Fix
#247,71899,9/2/2009,1:35:08 p.m.,5,1,-12.29276,-142.10018,Fix
#248,71899,9/2/2009,4:32:38 p.m.,5,1,-12.29276,-142.1002,Fix
#302,71899,9/9/2009,9:55:39 a.m.,6,1,-12.29251,-142.10083,Fix
#226,71899,8/30/2009,10:47:33 p.m.,6,2,-12.2921,-142.0999,Fix
#600,71899,10/16/2009,1:12:40 p.m.,5,1,-12.29164,-142.1013,Fix
#465,71899,9/29/2009,5:19:39 p.m.,8,1,-12.29145,-142.09751,Fix
#963,71899,11/30/2009,6:20:56 p.m.,4,3,-12.29135,-142.10255,Fix
#962,71899,11/30/2009,3:20:38 p.m.,5,1,-12.29124,-142.10192,Fix
#965,71899,12/1/2009,12:21:26 a.m.,5,1,-12.29108,-142.10196,Fix
#964,71899,11/30/2009,9:20:57 p.m.,6,2,-12.29099,-142.10196,Fix
#152,71899,8/21/2009,5:36:38 p.m.,5,1,-12.2909,-142.09496,Fix
#354,71899,9/15/2009,9:23:39 p.m.,6,1,-12.29085,-142.09464,Fix
#178,71899,8/24/2009,11:21:38 p.m.,8,1,-12.29063,-142.09382,Fix
#240,71899,9/1/2009,4:38:26 p.m.,4,4,-12.29058,-142.09475,Fix
#238,71899,9/1/2009,10:40:38 a.m.,4,2,-12.29056,-142.09091,Fix
#104,71899,8/15/2009,6:17:39 p.m.,6,1,-12.29055,-142.09301,Fix
#239,71899,9/1/2009,1:38:39 p.m.,4,2,-12.29047,-142.09087,Fix
#250,71899,9/2/2009,10:32:38 p.m.,6,2,-12.29047,-142.09098,Fix
#254,71899,9/3/2009,10:28:39 a.m.,7,10,-12.29047,-142.09035,Fix
#233,71899,8/31/2009,7:41:40 p.m.,6,1,-12.29042,-142.08717,Fix
#235,71899,9/1/2009,1:41:27 a.m.,4,3,-12.29035,-142.08979,Fix
#434,71899,9/25/2009,8:42:39 p.m.,5,10,-12.29031,-142.0913,Fix
#236,71899,9/1/2009,4:39:56 a.m.,5,15,-12.2903,-142.09081,Fix
#232,71899,8/31/2009,4:41:56 p.m.,5,1,-12.29024,-142.08726,Fix
#249,71899,9/2/2009,7:32:41 p.m.,7,1,-12.29016,-142.09287,Fix
#960,71899,11/30/2009,9:21:57 a.m.,4,2,-12.29015,-142.10238,Fix
#435,71899,9/25/2009,11:41:56 p.m.,8,1,-12.29011,-142.09094,Fix
#230,71899,8/31/2009,10:42:38 a.m.,10,1,-12.2901,-142.08733,Fix
#231,71899,8/31/2009,1:41:23 p.m.,5,1,-12.2901,-142.08795,Fix
#432,71899,9/25/2009,2:43:38 p.m.,7,1,-12.29006,-142.08675,Fix
#433,71899,9/25/2009,5:43:58 p.m.,5,2,-12.29004,-142.08654,Fix
#961,71899,11/30/2009,12:21:08 p.m.,5,1,-12.2899,-142.10183,Fix
#258,71899,9/3/2009,10:27:08 p.m.,7,1,-12.28965,-142.08886,Fix
#103,71899,8/15/2009,3:17:38 p.m.,10,0,-12.2892,-142.08402,Fix
#257,71899,9/3/2009,7:27:09 p.m.,12,0,-12.28833,-142.08141,Fix
#259,71899,9/4/2009,1:26:28 a.m.,4,3,-12.28805,-142.08118,Fix
#273,71899,9/5/2009,7:15:38 p.m.,9,1,-12.28619,-142.07817,Fix
#262,71899,9/4/2009,10:24:04 a.m.,7,1,-12.28616,-142.0794,Fix
#359,71899,9/16/2009,12:19:38 p.m.,6,3,-12.28482,-142.07757,Fix
#255,71899,9/3/2009,1:27:57 p.m.,7,1,-12.28435,-142.07829,Fix
#256,71899,9/3/2009,4:26:56 p.m.,6,1,-12.28409,-142.07702,Fix
#176,71899,8/24/2009,5:21:02 p.m.,6,1,-12.28359,-142.07776,Fix
#358,71899,9/16/2009,9:20:40 a.m.,6,3,-12.28356,-142.07768,Fix
#174,71899,8/24/2009,11:23:38 a.m.,6,5,-12.28057,-142.04544,Fix
#270,71899,9/5/2009,10:18:51 a.m.,5,2,-12.27675,-142.05505,Fix
#264,71899,9/4/2009,4:22:38 p.m.,6,1,-12.27575,-142.05376,Fix
#271,71899,9/5/2009,1:16:39 p.m.,6,2,-12.27471,-142.05477,Fix
#968,71899,12/1/2009,9:16:38 a.m.,8,1,-12.27331,-142.07198,Fix
#93,71899,8/14/2009,9:27:57 a.m.,5,3,-12.27283,-142.0581,Fix
#82,71899,8/13/2009,12:38:08 a.m.,7,2,-12.27276,-142.05784,Fix
#97,71899,8/14/2009,9:23:38 p.m.,7,1,-12.27272,-142.05805,Fix
#170,71899,8/23/2009,11:25:03 p.m.,6,2,-12.27196,-142.0598,Fix
#101,71899,8/15/2009,9:21:03 a.m.,9,3,-12.2719,-142.06005,Fix
#168,71899,8/23/2009,5:25:26 p.m.,4,3,-12.27181,-142.0713,Fix
#172,71899,8/24/2009,5:22:39 a.m.,4,3,-12.27147,-142.05723,Fix
#102,71899,8/15/2009,12:18:20 p.m.,5,2,-12.27132,-142.06188,Fix
#272,71899,9/5/2009,4:16:38 p.m.,5,1,-12.27085,-142.05914,Fix
#175,71899,8/24/2009,2:21:39 p.m.,5,4,-12.27051,-142.06638,Fix
#263,71899,9/4/2009,1:23:40 p.m.,7,1,-12.27017,-142.06494,Fix
#969,71899,12/1/2009,12:16:28 p.m.,4,2,-12.26204,-142.00456,Fix
#970,71899,12/1/2009,3:16:42 p.m.,9,1,-12.25984,-141.94585,Fix
#971,71899,12/1/2009,6:15:38 p.m.,6,3,-12.2472,-141.92166,Fix
#976,71899,12/2/2009,9:11:38 a.m.,6,1,-12.20018,-141.9175,Fix
#977,71899,12/2/2009,12:10:38 p.m.,6,1,-12.1544,-141.93641,Fix
#984,71899,12/3/2009,9:07:50 a.m.,4,2,-12.10565,-141.94811,Fix
#985,71899,12/3/2009,12:04:41 p.m.,5,1,-12.10433,-141.94877,Fix
#986,71899,12/3/2009,3:04:38 p.m.,5,1,-12.1039,-141.95048,Fix
#987,71899,12/3/2009,6:04:38 p.m.,5,2,-12.10319,-141.95059,Fix
#988,71899,12/3/2009,9:04:39 p.m.,6,3,-12.10246,-141.95104,Fix
#1669,71899,2/26/2010,4:48:33 p.m.,4,5,-12.10219,-141.95158,Fix
#1225,71899,1/2/2010,9:18:39 a.m.,4,2,-12.10184,-141.95291,Fix
#1147,71899,12/23/2009,4:10:38 p.m.,5,1,-12.10168,-141.95293,Fix
#1677,71899,2/27/2010,4:43:51 p.m.,5,2,-12.10168,-141.95328,Fix
#1352,71899,1/18/2010,5:16:50 a.m.,4,4,-12.10166,-141.95334,Fix
#1033,71899,12/9/2009,11:32:08 a.m.,5,4,-12.10165,-141.95326,Fix
#1148,71899,12/23/2009,7:10:38 p.m.,6,1,-12.10165,-141.95295,Fix
#1182,71899,12/28/2009,12:47:02 a.m.,4,2,-12.10165,-141.95292,Fix
#1268,71899,1/7/2010,5:57:38 p.m.,6,1,-12.10163,-141.95284,Fix
#1041,71899,12/10/2009,11:23:57 a.m.,6,8,-12.10161,-141.95336,Fix
#1322,71899,1/14/2010,11:29:56 a.m.,5,1,-12.1016,-141.95283,Fix
#1050,71899,12/11/2009,2:16:40 p.m.,4,2,-12.10159,-141.95293,Fix
#1051,71899,12/11/2009,5:16:38 p.m.,6,4,-12.10158,-141.95284,Fix
#1065,71899,12/13/2009,11:06:38 a.m.,6,1,-12.10158,-141.95277,Fix
#1067,71899,12/13/2009,5:06:08 p.m.,6,2,-12.10158,-141.95296,Fix
#1130,71899,12/21/2009,1:22:38 p.m.,7,4,-12.10158,-141.95306,Fix
#1138,71899,12/22/2009,1:17:26 p.m.,5,1,-12.10158,-141.95341,Fix
#1001,71899,12/5/2009,11:54:38 a.m.,7,1,-12.10157,-141.95283,Fix
#1131,71899,12/21/2009,4:22:38 p.m.,6,1,-12.10156,-141.95294,Fix
#1516,71899,2/7/2010,3:31:38 p.m.,5,2,-12.10156,-141.95336,Fix
#1071,71899,12/14/2009,4:59:38 a.m.,6,1,-12.10155,-141.95289,Fix
#1194,71899,12/29/2009,12:38:38 p.m.,6,2,-12.10155,-141.95323,Fix
#1057,71899,12/12/2009,11:12:56 a.m.,4,2,-12.10154,-141.95293,Fix
#1257,71899,1/6/2010,9:01:39 a.m.,5,1,-12.10154,-141.95288,Fix
#1284,71899,1/9/2010,5:48:38 p.m.,5,2,-12.10153,-141.95257,Fix
#1676,71899,2/27/2010,1:41:39 p.m.,7,1,-12.10153,-141.95302,Fix
#1073,71899,12/14/2009,10:58:56 a.m.,6,6,-12.10152,-141.95289,Fix
#1089,71899,12/16/2009,10:52:03 a.m.,6,2,-12.10152,-141.95277,Fix
#1340,71899,1/16/2010,5:20:02 p.m.,6,1,-12.10152,-141.95282,Fix
#1066,71899,12/13/2009,2:05:58 p.m.,5,2,-12.10151,-141.95275,Fix
#1104,71899,12/18/2009,7:40:39 a.m.,8,0,-12.10151,-141.9529,Fix
#1329,71899,1/15/2010,8:29:09 a.m.,4,1,-12.10151,-141.95351,Fix
#1409,71899,1/25/2010,7:44:38 a.m.,5,1,-12.10151,-141.9529,Fix
#1043,71899,12/10/2009,5:21:38 p.m.,4,3,-12.1015,-141.95318,Fix
#1144,71899,12/23/2009,7:12:50 a.m.,5,1,-12.1015,-141.95348,Fix
#1042,71899,12/10/2009,2:21:39 p.m.,4,2,-12.10149,-141.95319,Fix
#1325,71899,1/14/2010,8:30:38 p.m.,5,2,-12.10149,-141.95285,Fix
#1492,71899,2/4/2010,3:43:38 p.m.,9,1,-12.10149,-141.95271,Fix
#1018,71899,12/7/2009,2:42:26 p.m.,4,3,-12.10148,-141.95366,Fix
#1153,71899,12/24/2009,10:05:58 a.m.,5,1,-12.10148,-141.95348,Fix
#1691,71899,3/1/2010,10:30:38 a.m.,6,1,-12.10148,-141.95284,Fix
#1019,71899,12/7/2009,5:39:52 p.m.,5,2,-12.10147,-141.95392,Fix
#1250,71899,1/5/2010,12:06:32 p.m.,5,5,-12.10147,-141.95321,Fix
#1265,71899,1/7/2010,8:58:08 a.m.,5,1,-12.10147,-141.95292,Fix
#1571,71899,2/14/2010,11:52:57 a.m.,4,2,-12.10147,-141.95299,Fix
#1787,71899,3/13/2010,9:22:08 a.m.,5,2,-12.10147,-141.95315,Fix
#1140,71899,12/22/2009,7:15:39 p.m.,6,1,-12.10146,-141.95359,Fix
#1154,71899,12/24/2009,1:05:40 p.m.,5,1,-12.10146,-141.95354,Fix
#1155,71899,12/24/2009,4:04:26 p.m.,6,1,-12.10146,-141.95282,Fix
#1304,71899,1/12/2010,5:40:08 a.m.,6,1,-12.10146,-141.95284,Fix
#1346,71899,1/17/2010,11:16:38 a.m.,6,1,-12.10146,-141.95267,Fix
#1427,71899,1/27/2010,1:34:39 p.m.,5,1,-12.10146,-141.953,Fix
#1572,71899,2/14/2010,2:50:08 p.m.,5,2,-12.10146,-141.95313,Fix
#1009,71899,12/6/2009,11:48:38 a.m.,6,2,-12.10145,-141.95274,Fix
#1146,71899,12/23/2009,1:10:56 p.m.,6,1,-12.10145,-141.9527,Fix
#1203,71899,12/30/2009,3:34:56 p.m.,6,1,-12.10145,-141.95316,Fix
#1214,71899,1/1/2010,12:28:39 a.m.,5,1,-12.10145,-141.95308,Fix
#1052,71899,12/11/2009,8:16:41 p.m.,8,1,-12.10144,-141.95274,Fix
#1074,71899,12/14/2009,1:58:38 p.m.,6,1,-12.10144,-141.95273,Fix
#1198,71899,12/30/2009,12:38:32 a.m.,5,2,-12.10144,-141.95349,Fix
#1306,71899,1/12/2010,11:41:08 a.m.,5,5,-12.10144,-141.95336,Fix
#1647,71899,2/23/2010,11:04:02 p.m.,5,4,-12.10144,-141.9535,Fix
#1072,71899,12/14/2009,7:58:38 a.m.,6,2,-12.10143,-141.95286,Fix
#1177,71899,12/27/2009,9:48:56 a.m.,5,1,-12.10143,-141.95323,Fix
#1243,71899,1/4/2010,3:08:20 p.m.,5,1,-12.10143,-141.95281,Fix
#1732,71899,3/6/2010,1:03:38 p.m.,4,4,-12.10143,-141.95334,Fix
#1113,71899,12/19/2009,10:36:27 a.m.,4,1,-12.10142,-141.95331,Fix
#1195,71899,12/29/2009,3:38:38 p.m.,7,1,-12.10142,-141.95299,Fix
#1277,71899,1/8/2010,8:50:38 p.m.,6,1,-12.10142,-141.95282,Fix
#1282,71899,1/9/2010,11:49:39 a.m.,6,2,-12.10142,-141.95268,Fix
#1289,71899,1/10/2010,8:48:26 a.m.,5,3,-12.10142,-141.95304,Fix
#1291,71899,1/10/2010,2:46:39 p.m.,5,1,-12.10142,-141.95262,Fix
#1314,71899,1/13/2010,11:34:39 a.m.,8,1,-12.10142,-141.95276,Fix
#1358,71899,1/18/2010,11:12:39 p.m.,4,2,-12.10142,-141.95345,Fix
#1076,71899,12/14/2009,8:00:02 p.m.,6,2,-12.10141,-141.9535,Fix
#1107,71899,12/18/2009,4:38:38 p.m.,7,1,-12.10141,-141.9527,Fix
#1275,71899,1/8/2010,2:51:38 p.m.,4,2,-12.10141,-141.95338,Fix
#1280,71899,1/9/2010,5:49:39 a.m.,4,2,-12.10141,-141.95274,Fix
#1785,71899,3/13/2010,3:22:56 a.m.,6,1,-12.10141,-141.95289,Fix
#1010,71899,12/6/2009,2:47:38 p.m.,5,1,-12.1014,-141.95355,Fix
#1091,71899,12/16/2009,4:50:38 p.m.,8,1,-12.1014,-141.95272,Fix
#1108,71899,12/18/2009,7:38:26 p.m.,5,1,-12.1014,-141.95272,Fix
#1137,71899,12/22/2009,10:18:50 a.m.,5,3,-12.1014,-141.95355,Fix
#1259,71899,1/6/2010,3:01:50 p.m.,5,1,-12.1014,-141.95285,Fix
#1386,71899,1/22/2010,10:57:38 a.m.,5,4,-12.1014,-141.95314,Fix
#1032,71899,12/9/2009,8:31:38 a.m.,4,2,-12.10139,-141.9532,Fix
#1234,71899,1/3/2010,12:14:38 p.m.,7,2,-12.10139,-141.95277,Fix
#1251,71899,1/5/2010,3:04:26 p.m.,4,1,-12.10139,-141.95272,Fix
#1256,71899,1/6/2010,6:02:38 a.m.,7,2,-12.10139,-141.95271,Fix
#1283,71899,1/9/2010,2:49:56 p.m.,6,2,-12.10139,-141.95276,Fix
#1298,71899,1/11/2010,11:42:38 a.m.,5,2,-12.10139,-141.95297,Fix
#1179,71899,12/27/2009,3:47:38 p.m.,7,1,-12.10138,-141.9528,Fix
#1411,71899,1/25/2010,1:43:38 p.m.,7,1,-12.10138,-141.95261,Fix
#1546,71899,2/11/2010,9:10:38 a.m.,4,2,-12.10138,-141.95312,Fix
#1699,71899,3/2/2010,10:25:08 a.m.,5,2,-12.10138,-141.95334,Fix
#1011,71899,12/6/2009,5:47:38 p.m.,6,4,-12.10137,-141.95356,Fix
#1082,71899,12/15/2009,1:55:38 p.m.,5,1,-12.10137,-141.95288,Fix
#1178,71899,12/27/2009,12:49:08 p.m.,5,1,-12.10137,-141.95312,Fix
#1188,71899,12/28/2009,6:42:38 p.m.,5,1,-12.10137,-141.95293,Fix
#1267,71899,1/7/2010,2:57:41 p.m.,7,1,-12.10137,-141.95283,Fix
#1331,71899,1/15/2010,2:25:39 p.m.,8,1,-12.10137,-141.95291,Fix
#1348,71899,1/17/2010,5:16:32 p.m.,3,3,-12.10137,-141.95231,Fix
#1675,71899,2/27/2010,10:42:38 a.m.,8,1,-12.10137,-141.95274,Fix
#1739,71899,3/7/2010,9:59:39 a.m.,8,1,-12.10137,-141.95259,Fix
#1772,71899,3/11/2010,12:32:38 p.m.,8,1,-12.10137,-141.95257,Fix
#993,71899,12/4/2009,12:00:38 p.m.,5,2,-12.10136,-141.95358,Fix
#1201,71899,12/30/2009,9:37:38 a.m.,5,1,-12.10136,-141.95344,Fix
#1249,71899,1/5/2010,9:05:39 a.m.,5,1,-12.10136,-141.95257,Fix
#1266,71899,1/7/2010,11:57:38 a.m.,5,2,-12.10136,-141.95285,Fix
#1269,71899,1/7/2010,8:58:08 p.m.,4,2,-12.10136,-141.95323,Fix
#1548,71899,2/11/2010,3:10:41 p.m.,6,2,-12.10136,-141.95335,Fix
#1035,71899,12/9/2009,5:29:02 p.m.,4,2,-12.10135,-141.95346,Fix
#1139,71899,12/22/2009,4:17:08 p.m.,6,1,-12.10135,-141.95361,Fix
#1224,71899,1/2/2010,6:20:56 a.m.,4,4,-12.10135,-141.95251,Fix
#1294,71899,1/10/2010,11:45:09 p.m.,4,2,-12.10135,-141.95346,Fix
#1309,71899,1/12/2010,8:38:39 p.m.,6,1,-12.10135,-141.95271,Fix
#1319,71899,1/14/2010,2:32:02 a.m.,5,1,-12.10135,-141.95277,Fix
#1321,71899,1/14/2010,8:30:42 a.m.,5,1,-12.10135,-141.95259,Fix
#1362,71899,1/19/2010,11:09:38 a.m.,8,2,-12.10135,-141.95278,Fix
#1364,71899,1/19/2010,5:08:39 p.m.,7,1,-12.10135,-141.95257,Fix
#1684,71899,2/28/2010,1:35:38 p.m.,6,5,-12.10135,-141.95326,Fix
#1003,71899,12/5/2009,5:52:56 p.m.,8,1,-12.10134,-141.95276,Fix
#1078,71899,12/15/2009,1:58:56 a.m.,5,1,-12.10134,-141.95375,Fix
#1145,71899,12/23/2009,10:11:38 a.m.,5,1,-12.10134,-141.9536,Fix
#1235,71899,1/3/2010,3:13:38 p.m.,6,1,-12.10134,-141.95279,Fix
#1237,71899,1/3/2010,9:12:38 p.m.,6,1,-12.10134,-141.9529,Fix
#1724,71899,3/5/2010,1:05:39 p.m.,6,3,-12.10134,-141.95332,Fix
#1347,71899,1/17/2010,2:16:39 p.m.,9,1,-12.10133,-141.95257,Fix
#1095,71899,12/17/2009,4:48:08 a.m.,6,1,-12.10132,-141.95272,Fix
#1208,71899,12/31/2009,6:32:38 a.m.,6,1,-12.10132,-141.9527,Fix
#1202,71899,12/30/2009,12:34:38 p.m.,7,2,-12.10131,-141.95282,Fix
#1363,71899,1/19/2010,2:08:26 p.m.,4,1,-12.10131,-141.95256,Fix
#1474,71899,2/2/2010,9:55:44 a.m.,5,1,-12.10131,-141.95337,Fix
#1090,71899,12/16/2009,1:51:56 p.m.,5,1,-12.1013,-141.95276,Fix
#1341,71899,1/16/2010,8:18:50 p.m.,6,2,-12.1013,-141.95285,Fix
#1353,71899,1/18/2010,8:15:26 a.m.,6,1,-12.1013,-141.9537,Fix
#1458,71899,1/31/2010,10:08:32 a.m.,4,2,-12.1013,-141.95305,Fix
#1556,71899,2/12/2010,3:03:04 p.m.,5,3,-12.1013,-141.95332,Fix
#1236,71899,1/3/2010,6:13:38 p.m.,9,1,-12.10129,-141.9527,Fix
#1310,71899,1/12/2010,11:39:57 p.m.,5,1,-12.10129,-141.95342,Fix
#1359,71899,1/19/2010,2:12:02 a.m.,7,2,-12.10129,-141.95259,Fix
#1470,71899,2/1/2010,9:57:38 p.m.,3,3,-12.10129,-141.95348,Fix
#1276,71899,1/8/2010,5:50:38 p.m.,5,2,-12.10128,-141.95344,Fix
#1305,71899,1/12/2010,8:39:38 a.m.,5,1,-12.10128,-141.9527,Fix
#1330,71899,1/15/2010,11:27:02 a.m.,9,1,-12.10128,-141.95266,Fix
#1374,71899,1/20/2010,11:02:56 p.m.,5,1,-12.10128,-141.95249,Fix
#1024,71899,12/8/2009,8:36:38 a.m.,5,1,-12.10127,-141.95407,Fix
#1030,71899,12/9/2009,2:31:38 a.m.,5,1,-12.10127,-141.95398,Fix
#1142,71899,12/23/2009,1:13:57 a.m.,4,2,-12.10127,-141.95348,Fix
#1270,71899,1/7/2010,11:57:02 p.m.,5,1,-12.10127,-141.95335,Fix
#1664,71899,2/26/2010,1:49:39 a.m.,7,1,-12.10127,-141.95273,Fix
#1105,71899,12/18/2009,10:39:44 a.m.,5,4,-12.10126,-141.95321,Fix
#1228,71899,1/2/2010,6:17:38 p.m.,7,1,-12.10126,-141.95277,Fix
#1299,71899,1/11/2010,2:42:26 p.m.,5,1,-12.10126,-141.95278,Fix
#1621,71899,2/20/2010,5:19:08 p.m.,5,1,-12.10125,-141.9532,Fix
#1622,71899,2/20/2010,8:17:39 p.m.,4,5,-12.10125,-141.95347,Fix
#1756,71899,3/9/2010,12:45:02 p.m.,4,3,-12.10125,-141.95311,Fix
#1002,71899,12/5/2009,2:53:44 p.m.,6,1,-12.10124,-141.95276,Fix
#1034,71899,12/9/2009,2:29:56 p.m.,6,1,-12.10124,-141.95344,Fix
#1156,71899,12/24/2009,7:03:02 p.m.,6,1,-12.10124,-141.95248,Fix
#1196,71899,12/29/2009,6:37:28 p.m.,5,1,-12.10124,-141.95258,Fix
#1308,71899,1/12/2010,5:38:38 p.m.,9,0,-12.10124,-141.95274,Fix
#1539,71899,2/10/2010,12:15:20 p.m.,4,2,-12.10124,-141.95307,Fix
#1570,71899,2/14/2010,8:51:38 a.m.,6,1,-12.10124,-141.95325,Fix
#1603,71899,2/18/2010,11:33:03 a.m.,5,2,-12.10124,-141.95323,Fix
#1636,71899,2/22/2010,2:09:57 p.m.,6,2,-12.10124,-141.95328,Fix
#1006,71899,12/6/2009,2:51:09 a.m.,4,1,-12.10123,-141.95407,Fix
#1186,71899,12/28/2009,12:42:38 p.m.,7,1,-12.10123,-141.95276,Fix
#1410,71899,1/25/2010,10:43:38 a.m.,6,2,-12.10123,-141.95286,Fix
#1045,71899,12/10/2009,11:19:56 p.m.,5,1,-12.10122,-141.95368,Fix
#1213,71899,12/31/2009,9:29:39 p.m.,4,2,-12.10122,-141.95284,Fix
#1230,71899,1/3/2010,12:17:32 a.m.,5,3,-12.10122,-141.95281,Fix
#1356,71899,1/18/2010,5:13:49 p.m.,4,2,-12.10122,-141.95323,Fix
#1400,71899,1/24/2010,4:53:02 a.m.,3,1,-12.10122,-141.95315,Fix
#1466,71899,2/1/2010,10:02:38 a.m.,7,1,-12.10122,-141.9527,Fix
#1515,71899,2/7/2010,12:31:38 p.m.,5,3,-12.10122,-141.95305,Fix
#994,71899,12/4/2009,2:59:39 p.m.,7,1,-12.10121,-141.95269,Fix
#1192,71899,12/29/2009,6:39:38 a.m.,4,4,-12.10121,-141.95353,Fix
#1244,71899,1/4/2010,6:07:38 p.m.,5,1,-12.10121,-141.95259,Fix
#1303,71899,1/12/2010,2:39:38 a.m.,4,1,-12.10121,-141.95261,Fix
#1343,71899,1/17/2010,2:20:56 a.m.,5,1,-12.10121,-141.95265,Fix
#1350,71899,1/17/2010,11:14:38 p.m.,4,1,-12.10121,-141.95262,Fix
#1392,71899,1/23/2010,4:54:38 a.m.,4,4,-12.10121,-141.9525,Fix
#1418,71899,1/26/2010,10:40:38 a.m.,7,1,-12.10121,-141.95273,Fix
#1620,71899,2/20/2010,2:18:44 p.m.,7,1,-12.10121,-141.95321,Fix
#1707,71899,3/3/2010,10:18:57 a.m.,6,1,-12.10121,-141.95333,Fix
#1716,71899,3/4/2010,1:13:20 p.m.,6,2,-12.10121,-141.95332,Fix
#1046,71899,12/11/2009,2:19:38 a.m.,5,2,-12.1012,-141.95398,Fix
#1056,71899,12/12/2009,8:13:08 a.m.,5,1,-12.1012,-141.9526,Fix
#1079,71899,12/15/2009,4:56:40 a.m.,6,1,-12.1012,-141.95407,Fix
#1080,71899,12/15/2009,7:57:32 a.m.,5,2,-12.1012,-141.95398,Fix
#1254,71899,1/6/2010,12:03:39 a.m.,7,1,-12.1012,-141.95267,Fix
#1592,71899,2/17/2010,2:40:04 a.m.,5,2,-12.1012,-141.95296,Fix
#1635,71899,2/22/2010,11:09:54 a.m.,6,2,-12.1012,-141.95328,Fix
#1027,71899,12/8/2009,5:34:38 p.m.,6,1,-12.10119,-141.95401,Fix
#1075,71899,12/14/2009,4:58:40 p.m.,6,4,-12.10119,-141.95356,Fix
#1264,71899,1/7/2010,5:58:38 a.m.,6,1,-12.10119,-141.95255,Fix
#1307,71899,1/12/2010,2:39:44 p.m.,4,1,-12.10119,-141.95246,Fix
#1738,71899,3/7/2010,7:00:27 a.m.,5,2,-12.10119,-141.9532,Fix
#989,71899,12/4/2009,12:05:56 a.m.,5,1,-12.10118,-141.95219,Fix
#1263,71899,1/7/2010,2:59:26 a.m.,4,2,-12.10118,-141.95331,Fix
#1596,71899,2/17/2010,2:38:02 p.m.,6,2,-12.10118,-141.95319,Fix
#1663,71899,2/25/2010,10:51:14 p.m.,6,1,-12.10118,-141.95327,Fix
#1678,71899,2/27/2010,7:41:39 p.m.,7,1,-12.10118,-141.95275,Fix
#1279,71899,1/9/2010,2:49:56 a.m.,6,2,-12.10117,-141.95256,Fix
#1324,71899,1/14/2010,5:29:39 p.m.,7,1,-12.10117,-141.95246,Fix
#1514,71899,2/7/2010,9:31:40 a.m.,7,1,-12.10117,-141.95247,Fix
#1531,71899,2/9/2010,12:21:02 p.m.,5,2,-12.10117,-141.95307,Fix
#1715,71899,3/4/2010,10:11:38 a.m.,7,2,-12.10117,-141.9527,Fix
#1773,71899,3/11/2010,3:31:56 p.m.,5,1,-12.10117,-141.95274,Fix
#1204,71899,12/30/2009,6:34:39 p.m.,8,1,-12.10116,-141.95272,Fix
#1428,71899,1/27/2010,4:36:58 p.m.,6,1,-12.10116,-141.95315,Fix
#1525,71899,2/8/2010,6:26:14 p.m.,6,1,-12.10116,-141.9531,Fix
#995,71899,12/4/2009,6:00:08 p.m.,7,2,-12.10115,-141.95263,Fix
#1209,71899,12/31/2009,9:32:45 a.m.,5,1,-12.10115,-141.95306,Fix
#1318,71899,1/13/2010,11:31:39 p.m.,7,1,-12.10115,-141.95252,Fix
#1338,71899,1/16/2010,11:22:02 a.m.,6,12,-12.10115,-141.95277,Fix
#1368,71899,1/20/2010,5:06:56 a.m.,6,1,-12.10115,-141.95265,Fix
#1391,71899,1/23/2010,1:56:04 a.m.,6,1,-12.10115,-141.95254,Fix
#1396,71899,1/23/2010,4:53:41 p.m.,5,1,-12.10115,-141.95334,Fix
#1406,71899,1/24/2010,10:47:14 p.m.,4,2,-12.10115,-141.95309,Fix
#1472,71899,2/2/2010,3:56:02 a.m.,4,3,-12.10115,-141.95345,Fix
#1668,71899,2/26/2010,1:47:38 p.m.,7,2,-12.10115,-141.9527,Fix
#1714,71899,3/4/2010,7:11:56 a.m.,6,2,-12.10115,-141.95333,Fix
#1718,71899,3/4/2010,7:10:58 p.m.,6,1,-12.10115,-141.95322,Fix
#1788,71899,3/13/2010,12:19:38 p.m.,10,0,-12.10115,-141.95263,Fix
#1049,71899,12/11/2009,11:18:09 a.m.,5,9,-12.10114,-141.95408,Fix
#1081,71899,12/15/2009,10:56:38 a.m.,5,2,-12.10114,-141.95399,Fix
#1109,71899,12/18/2009,10:38:08 p.m.,5,2,-12.10114,-141.95259,Fix
#1226,71899,1/2/2010,12:18:40 p.m.,7,15,-12.10114,-141.95266,Fix
#1248,71899,1/5/2010,6:05:56 a.m.,4,2,-12.10114,-141.95254,Fix
#1335,71899,1/16/2010,2:23:38 a.m.,6,1,-12.10114,-141.95326,Fix
#1423,71899,1/27/2010,1:37:38 a.m.,5,2,-12.10114,-141.95345,Fix
#1426,71899,1/27/2010,10:34:56 a.m.,6,3,-12.10114,-141.95334,Fix
#1627,71899,2/21/2010,11:13:56 a.m.,6,1,-12.10114,-141.95334,Fix
#1649,71899,2/24/2010,5:03:51 a.m.,5,1,-12.10114,-141.95325,Fix
#1692,71899,3/1/2010,1:30:39 p.m.,6,2,-12.10114,-141.95334,Fix
#1083,71899,12/15/2009,4:55:38 p.m.,6,5,-12.10113,-141.95266,Fix
#1193,71899,12/29/2009,9:40:21 a.m.,4,2,-12.10113,-141.95262,Fix
#1271,71899,1/8/2010,2:55:56 a.m.,5,1,-12.10113,-141.95342,Fix
#1326,71899,1/14/2010,11:28:56 p.m.,6,1,-12.10113,-141.95263,Fix
#1413,71899,1/25/2010,7:44:39 p.m.,4,2,-12.10113,-141.9533,Fix
#1490,71899,2/4/2010,9:45:38 a.m.,8,1,-12.10113,-141.95276,Fix
#1517,71899,2/7/2010,6:33:56 p.m.,6,1,-12.10113,-141.95335,Fix
#1665,71899,2/26/2010,4:49:02 a.m.,4,1,-12.10113,-141.95326,Fix
#1709,71899,3/3/2010,4:15:40 p.m.,4,1,-12.10113,-141.95314,Fix
#1757,71899,3/9/2010,3:43:38 p.m.,5,1,-12.10113,-141.95329,Fix
#1058,71899,12/12/2009,2:11:41 p.m.,6,1,-12.10112,-141.95267,Fix
#1180,71899,12/27/2009,6:47:39 p.m.,8,1,-12.10112,-141.95256,Fix
#1187,71899,12/28/2009,3:42:38 p.m.,6,1,-12.10112,-141.95265,Fix
#1286,71899,1/9/2010,11:48:32 p.m.,4,2,-12.10112,-141.95283,Fix
#1302,71899,1/11/2010,11:40:38 p.m.,5,1,-12.10112,-141.9525,Fix
#1524,71899,2/8/2010,3:26:02 p.m.,6,2,-12.10112,-141.9532,Fix
#1585,71899,2/16/2010,5:45:02 a.m.,5,1,-12.10112,-141.95324,Fix
#1604,71899,2/18/2010,2:31:44 p.m.,4,4,-12.10112,-141.95316,Fix
#1246,71899,1/5/2010,12:07:38 a.m.,6,1,-12.10111,-141.95254,Fix
#1281,71899,1/9/2010,8:49:38 a.m.,4,3,-12.10111,-141.95258,Fix
#1323,71899,1/14/2010,2:29:38 p.m.,4,2,-12.10111,-141.95324,Fix
#1332,71899,1/15/2010,5:25:56 p.m.,6,2,-12.10111,-141.9534,Fix
#1336,71899,1/16/2010,5:22:38 a.m.,5,1,-12.10111,-141.95262,Fix
#1380,71899,1/21/2010,4:58:52 p.m.,5,2,-12.10111,-141.95329,Fix
#1542,71899,2/10/2010,9:13:57 p.m.,4,1,-12.10111,-141.95315,Fix
#1577,71899,2/15/2010,5:48:09 a.m.,5,2,-12.10111,-141.95326,Fix
#1606,71899,2/18/2010,8:33:56 p.m.,6,3,-12.10111,-141.9533,Fix
#1654,71899,2/24/2010,7:57:39 p.m.,5,3,-12.10111,-141.9535,Fix
#1670,71899,2/26/2010,7:46:57 p.m.,7,1,-12.10111,-141.95266,Fix
#1106,71899,12/18/2009,1:39:08 p.m.,6,1,-12.1011,-141.95247,Fix
#1189,71899,12/28/2009,9:42:57 p.m.,5,1,-12.1011,-141.9527,Fix
#1258,71899,1/6/2010,12:02:38 p.m.,5,1,-12.1011,-141.95272,Fix
#1373,71899,1/20/2010,8:03:32 p.m.,4,2,-12.1011,-141.95317,Fix
#1509,71899,2/6/2010,6:34:38 p.m.,6,1,-12.1011,-141.95329,Fix
#1605,71899,2/18/2010,5:31:38 p.m.,4,1,-12.1011,-141.95337,Fix
#1626,71899,2/21/2010,8:15:09 a.m.,6,1,-12.1011,-141.95325,Fix
#1646,71899,2/23/2010,8:04:38 p.m.,4,3,-12.1011,-141.95337,Fix
#1713,71899,3/4/2010,4:13:02 a.m.,4,1,-12.1011,-141.95341,Fix
#1726,71899,3/5/2010,7:05:39 p.m.,6,2,-12.1011,-141.9529,Fix
#1735,71899,3/6/2010,10:02:56 p.m.,5,1,-12.1011,-141.95336,Fix
#1779,71899,3/12/2010,9:26:08 a.m.,6,1,-12.1011,-141.95335,Fix
#1029,71899,12/8/2009,11:33:26 p.m.,5,1,-12.10109,-141.95414,Fix
#1086,71899,12/16/2009,1:54:38 a.m.,8,1,-12.10109,-141.9525,Fix
#1242,71899,1/4/2010,12:08:38 p.m.,7,1,-12.10109,-141.95269,Fix
#1285,71899,1/9/2010,8:48:38 p.m.,6,1,-12.10109,-141.95223,Fix
#1383,71899,1/22/2010,1:57:38 a.m.,5,1,-12.10109,-141.95329,Fix
#1388,71899,1/22/2010,4:56:41 p.m.,5,3,-12.10109,-141.95336,Fix
#1420,71899,1/26/2010,4:39:50 p.m.,6,1,-12.10109,-141.95331,Fix
#1679,71899,2/27/2010,10:42:47 p.m.,6,1,-12.10109,-141.95326,Fix
#1731,71899,3/6/2010,10:03:39 a.m.,7,1,-12.10109,-141.95324,Fix
#1760,71899,3/10/2010,12:44:03 a.m.,5,1,-12.10109,-141.95313,Fix
#1278,71899,1/8/2010,11:50:38 p.m.,5,1,-12.10108,-141.95247,Fix
#1379,71899,1/21/2010,1:58:38 p.m.,5,2,-12.10108,-141.95311,Fix
#1385,71899,1/22/2010,7:57:39 a.m.,5,2,-12.10108,-141.95331,Fix
#1431,71899,1/28/2010,1:32:40 a.m.,6,2,-12.10108,-141.95271,Fix
#1500,71899,2/5/2010,3:39:39 p.m.,6,2,-12.10108,-141.95322,Fix
#1552,71899,2/12/2010,3:06:56 a.m.,5,1,-12.10108,-141.95323,Fix
#1575,71899,2/14/2010,11:49:38 p.m.,5,1,-12.10108,-141.95329,Fix
#1586,71899,2/16/2010,8:42:38 a.m.,6,1,-12.10108,-141.95329,Fix
#1683,71899,2/28/2010,10:36:38 a.m.,6,1,-12.10108,-141.9532,Fix
#1748,71899,3/8/2010,12:52:03 p.m.,4,2,-12.10108,-141.95326,Fix
#1084,71899,12/15/2009,7:55:39 p.m.,7,1,-12.10107,-141.95256,Fix
#1129,71899,12/21/2009,10:23:04 a.m.,6,1,-12.10107,-141.95245,Fix
#1132,71899,12/21/2009,7:20:40 p.m.,7,1,-12.10107,-141.95249,Fix
#1290,71899,1/10/2010,11:46:38 a.m.,5,5,-12.10107,-141.95259,Fix
#1473,71899,2/2/2010,6:56:02 a.m.,5,2,-12.10107,-141.95324,Fix
#1499,71899,2/5/2010,12:39:38 p.m.,7,1,-12.10107,-141.95312,Fix
#1513,71899,2/7/2010,6:33:08 a.m.,5,1,-12.10107,-141.95326,Fix
#1613,71899,2/19/2010,5:25:02 p.m.,6,1,-12.10107,-141.95322,Fix
#1629,71899,2/21/2010,5:15:02 p.m.,5,1,-12.10107,-141.95323,Fix
#1708,71899,3/3/2010,1:16:56 p.m.,5,2,-12.10107,-141.95335,Fix
#1252,71899,1/5/2010,6:04:56 p.m.,6,2,-12.10106,-141.95254,Fix
#1295,71899,1/11/2010,2:43:39 a.m.,5,1,-12.10106,-141.95314,Fix
#1327,71899,1/15/2010,2:28:39 a.m.,5,1,-12.10106,-141.95249,Fix
#1342,71899,1/16/2010,11:19:56 p.m.,3,1,-12.10106,-141.95331,Fix
#1375,71899,1/21/2010,2:02:58 a.m.,5,2,-12.10106,-141.95243,Fix
#1504,71899,2/6/2010,3:36:38 a.m.,4,3,-12.10106,-141.95332,Fix
#1541,71899,2/10/2010,6:15:56 p.m.,6,3,-12.10106,-141.95323,Fix
#1578,71899,2/15/2010,8:47:39 a.m.,8,1,-12.10106,-141.95325,Fix
#1638,71899,2/22/2010,8:09:27 p.m.,5,3,-12.10106,-141.95324,Fix
#1689,71899,3/1/2010,4:34:38 a.m.,6,1,-12.10106,-141.95327,Fix
#1354,71899,1/18/2010,11:13:38 a.m.,5,1,-12.10105,-141.95332,Fix
#1478,71899,2/2/2010,9:52:38 p.m.,5,1,-12.10105,-141.95335,Fix
#1555,71899,2/12/2010,12:05:08 p.m.,5,1,-12.10105,-141.95324,Fix
#1673,71899,2/27/2010,4:43:39 a.m.,5,1,-12.10105,-141.95319,Fix
#1730,71899,3/6/2010,7:04:02 a.m.,5,1,-12.10105,-141.95312,Fix
#1776,71899,3/12/2010,12:28:39 a.m.,5,1,-12.10105,-141.95318,Fix
#1022,71899,12/8/2009,2:38:09 a.m.,5,2,-12.10104,-141.95383,Fix
#1023,71899,12/8/2009,5:36:38 a.m.,6,1,-12.10104,-141.95393,Fix
#1288,71899,1/10/2010,5:47:38 a.m.,5,1,-12.10104,-141.95337,Fix
#1297,71899,1/11/2010,8:43:38 a.m.,5,1,-12.10104,-141.9525,Fix
#1390,71899,1/22/2010,10:57:26 p.m.,4,3,-12.10104,-141.95326,Fix
#1587,71899,2/16/2010,11:43:57 a.m.,4,2,-12.10104,-141.95335,Fix
#1589,71899,2/16/2010,5:41:39 p.m.,4,1,-12.10104,-141.95329,Fix
#1595,71899,2/17/2010,11:37:38 a.m.,4,3,-12.10104,-141.95315,Fix
#1628,71899,2/21/2010,2:13:38 p.m.,5,2,-12.10104,-141.95327,Fix
#1717,71899,3/4/2010,4:11:51 p.m.,5,1,-12.10104,-141.95333,Fix
#1442,71899,1/29/2010,10:22:08 a.m.,5,2,-12.10103,-141.95327,Fix
#1455,71899,1/31/2010,1:10:52 a.m.,4,1,-12.10103,-141.95322,Fix
#1573,71899,2/14/2010,5:50:39 p.m.,4,3,-12.10103,-141.95346,Fix
#1612,71899,2/19/2010,2:25:38 p.m.,7,1,-12.10103,-141.9532,Fix
#1634,71899,2/22/2010,8:10:38 a.m.,6,1,-12.10103,-141.95332,Fix
#1652,71899,2/24/2010,1:58:38 p.m.,6,2,-12.10103,-141.9533,Fix
#1659,71899,2/25/2010,10:54:10 a.m.,5,2,-12.10103,-141.95327,Fix
#1662,71899,2/25/2010,7:50:40 p.m.,5,1,-12.10103,-141.95316,Fix
#1686,71899,2/28/2010,7:35:08 p.m.,4,8,-12.10103,-141.9533,Fix
#1693,71899,3/1/2010,4:30:53 p.m.,7,1,-12.10103,-141.95327,Fix
#1369,71899,1/20/2010,8:06:56 a.m.,4,1,-12.10102,-141.95325,Fix
#1370,71899,1/20/2010,11:05:38 a.m.,5,2,-12.10102,-141.95325,Fix
#1412,71899,1/25/2010,4:44:32 p.m.,6,1,-12.10102,-141.95321,Fix
#1488,71899,2/4/2010,3:47:09 a.m.,5,2,-12.10102,-141.95318,Fix
#1497,71899,2/5/2010,6:40:39 a.m.,5,1,-12.10102,-141.95321,Fix
#1506,71899,2/6/2010,9:35:56 a.m.,5,2,-12.10102,-141.95316,Fix
#1507,71899,2/6/2010,12:35:38 p.m.,5,2,-12.10102,-141.9533,Fix
#1522,71899,2/8/2010,9:27:08 a.m.,5,1,-12.10102,-141.95328,Fix
#1630,71899,2/21/2010,8:13:39 p.m.,4,1,-12.10102,-141.95322,Fix
#1212,71899,12/31/2009,6:29:39 p.m.,8,2,-12.10101,-141.95264,Fix
#1227,71899,1/2/2010,3:18:38 p.m.,7,1,-12.10101,-141.95262,Fix
#1287,71899,1/10/2010,2:48:41 a.m.,6,1,-12.10101,-141.95257,Fix
#1459,71899,1/31/2010,1:08:09 p.m.,2,0,-12.10101,-141.95377,Fix
#1538,71899,2/10/2010,9:15:39 a.m.,5,1,-12.10101,-141.95316,Fix
#1582,71899,2/15/2010,8:45:38 p.m.,6,1,-12.10101,-141.95325,Fix
#1619,71899,2/20/2010,11:19:57 a.m.,5,2,-12.10101,-141.95318,Fix
#1694,71899,3/1/2010,7:29:57 p.m.,6,1,-12.10101,-141.95314,Fix
#1759,71899,3/9/2010,9:44:08 p.m.,5,1,-12.10101,-141.95327,Fix
#1764,71899,3/10/2010,12:40:08 p.m.,7,1,-12.10101,-141.95332,Fix
#1260,71899,1/6/2010,6:01:39 p.m.,8,1,-12.101,-141.95256,Fix
#1345,71899,1/17/2010,8:17:37 a.m.,5,3,-12.101,-141.95264,Fix
#1393,71899,1/23/2010,7:56:38 a.m.,5,1,-12.101,-141.95323,Fix
#1467,71899,2/1/2010,1:00:57 p.m.,6,1,-12.101,-141.9535,Fix
#1487,71899,2/4/2010,12:46:41 a.m.,5,1,-12.101,-141.95311,Fix
#1523,71899,2/8/2010,12:26:08 p.m.,6,1,-12.101,-141.95328,Fix
#1545,71899,2/11/2010,6:11:52 a.m.,5,2,-12.101,-141.95317,Fix
#1766,71899,3/10/2010,6:37:38 p.m.,5,1,-12.101,-141.95322,Fix
#1769,71899,3/11/2010,3:35:50 a.m.,5,1,-12.101,-141.95339,Fix
#1103,71899,12/18/2009,4:40:08 a.m.,5,1,-12.10099,-141.95318,Fix
#1315,71899,1/13/2010,2:34:26 p.m.,7,2,-12.10099,-141.95307,Fix
#1351,71899,1/18/2010,2:15:22 a.m.,5,1,-12.10099,-141.95339,Fix
#1355,71899,1/18/2010,2:13:56 p.m.,5,1,-12.10099,-141.95324,Fix
#1382,71899,1/21/2010,10:57:38 p.m.,4,3,-12.10099,-141.95321,Fix
#1397,71899,1/23/2010,7:55:32 p.m.,5,2,-12.10099,-141.95334,Fix
#1503,71899,2/6/2010,12:38:10 a.m.,5,1,-12.10099,-141.95335,Fix
#1597,71899,2/17/2010,5:38:39 p.m.,5,2,-12.10099,-141.95332,Fix
#1782,71899,3/12/2010,6:25:09 p.m.,5,1,-12.10099,-141.95317,Fix
#1783,71899,3/12/2010,9:23:38 p.m.,4,1,-12.10099,-141.95329,Fix
#1217,71899,1/1/2010,9:27:03 a.m.,6,3,-12.10098,-141.95258,Fix
#1220,71899,1/1/2010,6:24:20 p.m.,5,2,-12.10098,-141.95246,Fix
#1454,71899,1/30/2010,10:11:08 p.m.,5,3,-12.10098,-141.95337,Fix
#1508,71899,2/6/2010,3:34:38 p.m.,6,2,-12.10098,-141.95321,Fix
#1532,71899,2/9/2010,3:19:38 p.m.,5,1,-12.10098,-141.95338,Fix
#1567,71899,2/13/2010,11:53:56 p.m.,6,1,-12.10098,-141.95323,Fix
#1672,71899,2/27/2010,1:45:08 a.m.,3,15,-12.10098,-141.95342,Fix
#1728,71899,3/6/2010,1:05:10 a.m.,5,1,-12.10098,-141.95322,Fix
#1750,71899,3/8/2010,6:51:42 p.m.,4,1,-12.10098,-141.95327,Fix
#1395,71899,1/23/2010,1:54:38 p.m.,6,1,-12.10097,-141.95331,Fix
#1429,71899,1/27/2010,7:35:09 p.m.,7,2,-12.10097,-141.9532,Fix
#1580,71899,2/15/2010,2:47:02 p.m.,4,3,-12.10097,-141.95335,Fix
#1611,71899,2/19/2010,11:26:40 a.m.,4,1,-12.10097,-141.95341,Fix
#1792,71899,3/14/2010,12:18:56 a.m.,6,1,-12.10097,-141.95331,Fix
#1245,71899,1/4/2010,9:08:09 p.m.,5,2,-12.10096,-141.95255,Fix
#1563,71899,2/13/2010,11:57:08 a.m.,4,3,-12.10096,-141.95307,Fix
#1640,71899,2/23/2010,2:09:02 a.m.,5,1,-12.10096,-141.95333,Fix
#1666,71899,2/26/2010,7:48:56 a.m.,5,1,-12.10096,-141.95327,Fix
#1723,71899,3/5/2010,10:05:38 a.m.,4,1,-12.10096,-141.95327,Fix
#1749,71899,3/8/2010,3:50:57 p.m.,3,3,-12.10096,-141.95335,Fix
#1791,71899,3/13/2010,9:18:38 p.m.,5,1,-12.10096,-141.95334,Fix
#1644,71899,2/23/2010,2:05:03 p.m.,6,2,-12.10095,-141.95316,Fix
#1660,71899,2/25/2010,1:51:40 p.m.,6,5,-12.10095,-141.95319,Fix
#1758,71899,3/9/2010,6:45:08 p.m.,5,2,-12.10095,-141.95306,Fix
#1124,71899,12/20/2009,7:26:39 p.m.,6,1,-12.10094,-141.95244,Fix
#1498,71899,2/5/2010,9:40:38 a.m.,7,1,-12.10094,-141.95329,Fix
#1598,71899,2/17/2010,8:38:26 p.m.,5,1,-12.10094,-141.9532,Fix
#1661,71899,2/25/2010,4:51:08 p.m.,5,1,-12.10094,-141.95335,Fix
#1702,71899,3/2/2010,7:24:32 p.m.,6,3,-12.10094,-141.95335,Fix
#1231,71899,1/3/2010,3:16:53 a.m.,5,1,-12.10093,-141.95253,Fix
#1438,71899,1/28/2010,10:26:02 p.m.,4,2,-12.10093,-141.95318,Fix
#1493,71899,2/4/2010,6:44:40 p.m.,5,2,-12.10093,-141.95345,Fix
#1533,71899,2/9/2010,6:20:08 p.m.,4,2,-12.10093,-141.95325,Fix
#1566,71899,2/13/2010,8:54:38 p.m.,5,2,-12.10093,-141.95317,Fix
#1780,71899,3/12/2010,12:25:38 p.m.,5,1,-12.10093,-141.95311,Fix
#1114,71899,12/19/2009,1:33:56 p.m.,5,1,-12.10092,-141.95246,Fix
#1296,71899,1/11/2010,5:43:51 a.m.,4,4,-12.10092,-141.9524,Fix
#1475,71899,2/2/2010,12:54:38 p.m.,5,1,-12.10092,-141.95328,Fix
#1579,71899,2/15/2010,11:47:39 a.m.,6,2,-12.10092,-141.95335,Fix
#1581,71899,2/15/2010,5:46:39 p.m.,4,3,-12.10092,-141.95391,Fix
#1736,71899,3/7/2010,1:02:08 a.m.,5,1,-12.10092,-141.9534,Fix
#1365,71899,1/19/2010,8:09:08 p.m.,5,2,-12.10091,-141.953,Fix
#1387,71899,1/22/2010,1:56:38 p.m.,5,2,-12.10091,-141.95352,Fix
#1486,71899,2/3/2010,9:46:38 p.m.,5,1,-12.10091,-141.95318,Fix
#1593,71899,2/17/2010,5:39:15 a.m.,5,1,-12.10091,-141.95332,Fix
#1790,71899,3/13/2010,6:19:41 p.m.,5,1,-12.10091,-141.95339,Fix
#1485,71899,2/3/2010,6:48:44 p.m.,4,1,-12.1009,-141.95322,Fix
#1407,71899,1/25/2010,1:47:32 a.m.,4,2,-12.10089,-141.95316,Fix
#1564,71899,2/13/2010,2:56:09 p.m.,5,1,-12.10089,-141.95337,Fix
#1389,71899,1/22/2010,7:57:02 p.m.,4,2,-12.10088,-141.95332,Fix
#1422,71899,1/26/2010,10:38:08 p.m.,5,2,-12.10088,-141.95348,Fix
#1550,71899,2/11/2010,9:06:38 p.m.,3,2,-12.10088,-141.95333,Fix
#1733,71899,3/6/2010,4:03:09 p.m.,6,2,-12.10088,-141.95346,Fix
#1172,71899,12/26/2009,6:53:50 p.m.,5,1,-12.10087,-141.95257,Fix
#1384,71899,1/22/2010,4:59:32 a.m.,4,3,-12.10087,-141.95288,Fix
#1402,71899,1/24/2010,10:49:38 a.m.,5,3,-12.10087,-141.95323,Fix
#1594,71899,2/17/2010,8:38:08 a.m.,4,2,-12.10087,-141.95307,Fix
#1701,71899,3/2/2010,4:23:09 p.m.,5,1,-12.10087,-141.95346,Fix
#1725,71899,3/5/2010,4:05:38 p.m.,5,2,-12.10087,-141.95342,Fix
#1116,71899,12/19/2009,7:32:44 p.m.,6,1,-12.10086,-141.95238,Fix
#1378,71899,1/21/2010,11:00:08 a.m.,5,2,-12.10086,-141.95312,Fix
#1121,71899,12/20/2009,10:29:10 a.m.,6,2,-12.10085,-141.95247,Fix
#1170,71899,12/26/2009,12:53:42 p.m.,6,1,-12.10085,-141.9525,Fix
#1371,71899,1/20/2010,2:05:39 p.m.,6,1,-12.10085,-141.9533,Fix
#1496,71899,2/5/2010,3:41:38 a.m.,4,3,-12.10085,-141.95286,Fix
#1639,71899,2/22/2010,11:10:09 p.m.,6,1,-12.10085,-141.95341,Fix
#1722,71899,3/5/2010,7:06:38 a.m.,5,1,-12.10085,-141.95342,Fix
#1381,71899,1/21/2010,7:59:02 p.m.,5,1,-12.10084,-141.95346,Fix
#1576,71899,2/15/2010,2:48:38 a.m.,5,1,-12.10084,-141.95323,Fix
#1637,71899,2/22/2010,5:09:09 p.m.,3,1,-12.10084,-141.95344,Fix
#1167,71899,12/26/2009,3:55:40 a.m.,4,1,-12.10083,-141.9527,Fix
#1394,71899,1/23/2010,10:54:56 a.m.,4,2,-12.10083,-141.9533,Fix
#1511,71899,2/7/2010,12:35:10 a.m.,4,1,-12.10083,-141.95333,Fix
#1122,71899,12/20/2009,1:27:39 p.m.,7,1,-12.10082,-141.9524,Fix
#1164,71899,12/25/2009,6:58:09 p.m.,7,1,-12.10082,-141.95254,Fix
#1185,71899,12/28/2009,9:44:06 a.m.,5,15,-12.10082,-141.95267,Fix
#1527,71899,2/9/2010,12:24:38 a.m.,5,2,-12.10082,-141.95297,Fix
#1171,71899,12/26/2009,3:53:38 p.m.,5,1,-12.10081,-141.95255,Fix
#1789,71899,3/13/2010,3:19:38 p.m.,5,1,-12.1008,-141.95344,Fix
#1123,71899,12/20/2009,4:27:09 p.m.,4,2,-12.10079,-141.95254,Fix
#1168,71899,12/26/2009,6:54:56 a.m.,4,2,-12.10079,-141.95254,Fix
#1162,71899,12/25/2009,12:58:38 p.m.,5,2,-12.10076,-141.95259,Fix
#1207,71899,12/31/2009,3:33:38 a.m.,4,1,-12.10076,-141.95254,Fix
#1484,71899,2/3/2010,3:47:38 p.m.,5,2,-12.10076,-141.95311,Fix
#1060,71899,12/12/2009,8:10:39 p.m.,5,1,-12.10075,-141.95248,Fix
#1317,71899,1/13/2010,8:32:44 p.m.,4,3,-12.10075,-141.95232,Fix
#1163,71899,12/25/2009,3:59:08 p.m.,6,1,-12.10074,-141.95263,Fix
#1414,71899,1/25/2010,10:43:50 p.m.,5,1,-12.10073,-141.9532,Fix
#1040,71899,12/10/2009,8:23:38 a.m.,4,2,-12.10072,-141.95245,Fix
#1158,71899,12/25/2009,1:02:09 a.m.,5,1,-12.1007,-141.95257,Fix
#1219,71899,1/1/2010,3:24:38 p.m.,6,1,-12.1007,-141.9525,Fix
#1415,71899,1/26/2010,1:43:16 a.m.,4,1,-12.1007,-141.95334,Fix
#1159,71899,12/25/2009,4:00:56 a.m.,5,1,-12.10068,-141.95257,Fix
#1540,71899,2/10/2010,3:15:33 p.m.,5,3,-12.10068,-141.95373,Fix
#1451,71899,1/30/2010,1:13:38 p.m.,5,1,-12.10067,-141.95377,Fix
#1115,71899,12/19/2009,4:33:57 p.m.,4,2,-12.10065,-141.95245,Fix
#1590,71899,2/16/2010,8:40:08 p.m.,4,4,-12.10055,-141.95349,Fix
#1061,71899,12/12/2009,11:10:57 p.m.,6,1,-12.10051,-141.95252,Fix
#1452,71899,1/30/2010,4:12:44 p.m.,5,4,-12.10041,-141.95305,Fix
#1206,71899,12/31/2009,12:32:56 a.m.,4,2,-12.10034,-141.95278,Fix
#1727,71899,3/5/2010,10:05:38 p.m.,5,3,-12.1002,-141.95308,Fix
#27,71899,25/00/2008,11:16:18 p.m.,14,9,0.83073,-160.4032,Fix
#71,71899,8/00/2010,8:32:44 p.m.,8,7,4.97118,-20.14208,Fix
#64,71899,2/7/2010,5:22:01 p.m.,2,7,5.29522,-214.40777,Fix
#21,71899,12/5/2010,1:02:11 a.m.,11,0,8.88884,-42.93407,Fix
#15,71899,2/2/2010,1:36:42 a.m.,9,7,49.97453,-26.39877,Fix
#53,71899,2/5/2010,4:33:48 p.m.,12,2,63.94476,-46.56341,Fix
#78,71899,6/00/2008,10:06:33 a.m.,0,4,75.03873,-205.04205,Fix
#3,71899,1/2/2010,10:62:08 p.m.,0,10,84.27858,-126.72559,Fix
#28,71899,28/00/2008,1:17:08 p.m.,9,11,89.20841,-1.68502,Fix
#20,71899,9/17/2010,5:58:44 p.m.,15,0,92.11941,-39.73952,Fix
#32,71899,12/26/2010,9:29:12 p.m.,0,8,95.80653,-42.23568,Fix
#54,71899,4/28/2008,4:54:44 a.m.,12,10,106.87874,-85.67856,Fix
#69,71899,12/14/2008,8:50:13 p.m.,6,4,126.36936,-207.1736,Fix
#26,71899,12/5/2008,12:10:34 a.m.,0,0,142.55178,-169.59936,Fix
#36,71899,22/00/2011,9:57:02 p.m.,3,4,147.5316,-10.8546,Fix
#41,71899,11/25/2008,8:11:34 a.m.,5,10,155.00456,-47.20174,Fix